0.07801245152950287,0.38566720485687256,0.9268709421157837,-525278208.0,-689301504.0,178739808.0,608210368.0
0.0814308375120163,0.3831034004688263,0.924062967300415,-715900800.0,-705284864.0,-91966464.0,366773760.0
0.0833842009305954,0.3794408440589905,0.9243071675300598,-802113152.0,-618346240.0,-349348320.0,71691784.0
0.08826760947704315,0.3748016059398651,0.9257721900939941,-768712384.0,-436267968.0,-560043648.0,-240881984.0
0.09217433631420135,0.3752899467945099,0.9300451874732971,-622859392.0,-193568848.0,-682753728.0,-511220288.0
0.09449395537376404,0.377121239900589,0.928335964679718,-385951744.0,77378392.0,-705764672.0,-707016000.0
0.09473812580108643,0.37577828764915466,0.9313880801200867,-92691888.0,337099744.0,-625620480.0,-799557696.0
0.08790135383605957,0.3712611496448517,0.9333414435386658,213904848.0,547769088.0,-454029280.0,-775224320.0
0.0832621157169342,0.36955195665359497,0.9356610774993896,489157792.0,678552384.0,-215974640.0,-637626624.0
0.0794774740934372,0.37211573123931885,0.9350506663322449,692865408.0,710242944.0,53672020.0,-406857920.0
0.07605908811092377,0.3711390495300293,0.9330973029136658,795935616.0,635663040.0,321602336.0,-109144096.0
0.07410572469234467,0.3688194453716278,0.9359052777290344,779300672.0,468286752.0,535782016.0,198134048.0
0.07203027606010437,0.3710169792175293,0.9338297843933105,648664832.0,232503920.0,671660992.0,476412544.0
0.07703576982021332,0.3726040720939636,0.9360273480415344,423202432.0,-37253312.0,709231232.0,685145600.0
0.08191917836666107,0.3754120469093323,0.9288243055343628,135739248.0,-301399520.0,643207040.0,793687232.0
0.0872909277677536,0.3766328990459442,0.9291905760765076,-171551568.0,-521345504.0,483163072.0,786284864.0
0.09046514332294464,0.37797582149505615,0.9310218691825867,-453882944.0,-665041792.0,252435104.0,664008768.0
0.09278476238250732,0.3750457763671875,0.9316322803497314,-673652864.0,-711735040.0,-21778492.0,438260480.0
0.09693565964698792,0.36820900440216064,0.9343181252479553,-789232448.0,-651558656.0,-286609184.0,152840272.0
0.10010987520217896,0.3735807538032532,0.9313880801200867,-789390016.0,-496124096.0,-509507872.0,-155072496.0
0.10389451682567596,0.3788304328918457,0.9308997392654419,-674060096.0,-268214288.0,-657793152.0,-440379136.0
0.10047613084316254,0.3787083327770233,0.9300451874732971,-460079040.0,-1051640.0,-709955904.0,-661218816.0
0.09681357443332672,0.3744353652000427,0.9313880801200867,-178914880.0,266333248.0,-658302144.0,-785248896.0
0.10181906819343567,0.3768770694732666,0.9285801649093628,128458536.0,494607200.0,-510502048.0,-794462912.0
0.11024294793605804,0.37956294417381287,0.9287022352218628,423350272.0,653463360.0,-282327584.0,-683354112.0
0.11170797049999237,0.37785375118255615,0.9252838492393494,649315456.0,711708544.0,-17439592.0,-473790848.0
0.11158588528633118,0.37626662850379944,0.9272372126579285,780371712.0,665862144.0,250161088.0,-194906416.0
0.11073128879070282,0.38029545545578003,0.9268709421157837,797249536.0,522665888.0,481117952.0,112519216.0
0.11549261212348938,0.3793187737464905,0.9257721900939941,697459776.0,303104864.0,641670144.0,403556992.0
0.119033083319664,0.38017335534095764,0.9245513081550598,495549440.0,39243612.0,708353600.0,635647232.0
0.11927725374698639,0.377243310213089,0.9339519143104553,214101216.0,-236737488.0,669481856.0,776422272.0
0.12037602066993713,0.3791966736316681,0.9334635734558105,-92882760.0,-471223264.0,531948288.0,799546112.0
0.11927725374698639,0.3794408440589905,0.932608962059021,-386269216.0,-636782528.0,316626208.0,705672320.0
0.11976559460163116,0.37821999192237854,0.9360273480415344,-623167424.0,-709155776.0,54953840.0,508588256.0
0.12147478759288788,0.37968501448631287,0.9332193732261658,-768919680.0,-677818752.0,-214719664.0,236941360.0
0.12049810588359833,0.3748016059398651,0.9346843957901001,-802076160.0,-547320384.0,-453015744.0,-69372248.0
0.11805640161037445,0.37382492423057556,0.937004029750824,-717838080.0,-336728192.0,-625021056.0,-365503520.0
0.11634720861911774,0.37590038776397705,0.9363936185836792,-522558848.0,-70458960.0,-706712896.0,-612736640.0
0.11353924870491028,0.37577828764915466,0.9355390071868896,-254327824.0,200200208.0,-681489216.0,-764023040.0
0.11158588528633118,0.38005128502845764,0.9361494183540344,51166140.0,441533152.0,-556485120.0,-803539840.0
0.11219631135463715,0.38615554571151733,0.9315102100372314,349278784.0,618148992.0,-350156192.0,-725402176.0
0.11329507827758789,0.3826150596141815,0.9332193732261658,596310976.0,704233408.0,-92538112.0,-541134720.0
0.11292882263660431,0.37590038776397705,0.9360273480415344,756061952.0,687172480.0,178774112.0,-277715040.0
0.10975460708141327,0.3672323226928711,0.9424978494644165,805134720.0,569328384.0,424098336.0,26180496.0
0.10853375494480133,0.3707728087902069,0.9417653679847717,732915520.0,362730624.0,611023424.0,332916224.0
0.10938835144042969,0.37028446793556213,0.9377365112304688,553901120.0,106990648.0,702767552.0,583768640.0
0.11146380007266998,0.35844218730926514,0.9394457340240479,293869024.0,-164456016.0,691645632.0,749094784.0
0.11036503314971924,0.3513612449169159,0.941277027130127,-9075064.0,-411932384.0,579295232.0,804716032.0
0.10743498802185059,0.3496520519256592,0.9362714886665344,-310670624.0,-599247232.0,382298048.0,742398976.0
0.1052374541759491,0.34611159563064575,0.9383469820022583,-566689984.0,-698908800.0,129349688.0,571470976.0
0.10572579503059387,0.35050666332244873,0.9340739846229553,-742384000.0,-695429696.0,-148953152.0,309803136.0
0.10645830631256104,0.353192538022995,0.932731032371521,-804605248.0,-588585024.0,-398791552.0,8054440.0
0.10645830631256104,0.3529483675956726,0.9337077140808105,-749086336.0,-395503392.0,-590292224.0,-294827584.0
0.10499328374862671,0.35429129004478455,0.9323647618293762,-583864064.0,-144477712.0,-695431552.0,-554549696.0
0.10255157947540283,0.3490416407585144,0.9313880801200867,-333186112.0,127794192.0,-698814080.0,-732963904.0
0.10328409075737,0.3431815505027771,0.9346843957901001,-33915416.0,381359072.0,-599856576.0,-804057600.0
0.10035404562950134,0.34391406178474426,0.9348064661026001,270337632.0,579201344.0,-413120800.0,-757427264.0
0.0952264666557312,0.3455011546611786,0.9343181252479553,540227520.0,694270208.0,-159681680.0,-594614464.0
0.0932731032371521,0.3447686433792114,0.9340739846229553,724357248.0,703529920.0,111780160.0,-347532704.0
0.09400561451911926,0.3452569842338562,0.9339519143104553,802470656.0,609824768.0,366907296.0,-49550060.0
0.09840068221092224,0.3495299816131592,0.9301672577857971,763097152.0,426950976.0,568226816.0,255803376.0
0.09632523357868195,0.3528262674808502,0.9273592829704285,611943232.0,181632640.0,686418048.0,523724000.0
0.09107556939125061,0.35026249289512634,0.9278476238250732,371255232.0,-90387360.0,704174976.0,714883776.0
0.08509339392185211,0.3492858111858368,0.9285801649093628,76463536.0,-349181728.0,618894272.0,801321920.0
0.08704675734043121,0.35050666332244873,0.9250396490097046,-236615568.0,-561262336.0,438271712.0,768008512.0
0.09180808067321777,0.35026249289512634,0.9260163307189941,-507967488.0,-684996416.0,196633120.0,622097984.0
0.09461604058742523,0.3492858111858368,0.9233304858207703,-705058560.0,-708565248.0,-73772232.0,385106304.0
0.09363935887813568,0.34611159563064575,0.9265046715736389,-798966144.0,-628407360.0,-333527872.0,91858368.0
0.09034305810928345,0.3474545180797577,0.9290685057640076,-775955968.0,-456279840.0,-544540160.0,-214705648.0
0.08985471725463867,0.3527041971683502,0.9263826012611389,-639354816.0,-217543296.0,-675902336.0,-489875424.0
0.09241850674152374,0.35233792662620544,0.9279696941375732,-409303776.0,52912336.0,-708365376.0,-693405120.0
0.09266267716884613,0.35563424229621887,0.9262605309486389,-111987600.0,321601856.0,-634743616.0,-796274496.0
0.08900012075901031,0.3509950041770935,0.9308997392654419,195172240.0,536540864.0,-468390592.0,-779463552.0
0.08961054682731628,0.3527041971683502,0.9277255535125732,473827392.0,673079552.0,-233626112.0,-648684736.0
0.09180808067321777,0.35441339015960693,0.9296789169311523,683316736.0,711185984.0,35323128.0,-423044320.0
0.09498229622840881,0.35258209705352783,0.932853102684021,792942784.0,645208704.0,299177152.0,-135506592.0
0.09876693785190582,0.35575631260871887,0.9357831478118896,786614848.0,484796000.0,519211712.0,171902928.0
0.0952264666557312,0.3650347888469696,0.9392015337944031,660680640.0,247443648.0,665965760.0,460091104.0
0.09022097289562225,0.37040653824806213,0.9395678043365479,439909856.0,-21271076.0,710418368.0,673983808.0
0.0872909277677536,0.36955195665359497,0.9399340748786926,154907584.0,-286817632.0,650999040.0,789215424.0
0.08826760947704315,0.3732145130634308,0.9403003454208374,-152872416.0,-510379424.0,496433152.0,789061760.0
0.08777926862239838,0.37187156081199646,0.9390794634819031,-438287520.0,-659299072.0,269327328.0,673508032.0
0.08753509819507599,0.3634476959705353,0.9429861903190613,-659643840.0,-711797440.0,2610956.0,459487904.0
0.08497130870819092,0.3647906184196472,0.9417653679847717,-784460544.0,-660179328.0,-264449488.0,178249568.0
0.08900012075901031,0.36979612708091736,0.9398120045661926,-792979264.0,-507724448.0,-497682752.0,-136503120.0
0.09486021101474762,0.3766328990459442,0.9334635734558105,-684116480.0,-283431008.0,-651484032.0,-424430816.0
0.09547063708305359,0.3691856861114502,0.9349285960197449,-475227456.0,-17609948.0,-709948928.0,-650186752.0
0.09840068221092224,0.36222684383392334,0.9344402551651001,-196939376.0,250755488.0,-664557120.0,-780782848.0
0.10023196041584015,0.35990720987319946,0.9340739846229553,110127896.0,482456896.0,-521974944.0,-797227008.0
0.09901110827922821,0.35819801688194275,0.9329752326011658,400995232.0,643635520.0,-303130688.0,-697115072.0
0.09840068221092224,0.35844218730926514,0.9300451874732971,633255872.0,710788032.0,-39970128.0,-495066880.0
0.09791234135627747,0.36039555072784424,0.9318764209747314,774614080.0,672261120.0,235348448.0,-213472848.0
0.09766817092895508,0.36186057329177856,0.9348064661026001,798660032.0,534710784.0,469489312.0,93423016.0
0.09949944913387299,0.36796483397483826,0.9310218691825867,705902912.0,319148032.0,634974848.0,386748096.0
0.09864485263824463,0.3673544228076935,0.9329752326011658,509975072.0,56933328.0,707682496.0,623531072.0
0.09632523357868195,0.3666219115257263,0.9260163307189941,239488864.0,-213507728.0,677152128.0,769055296.0
0.09754608571529388,0.36381393671035767,0.9305335283279419,-65917772.0,-452761088.0,547629952.0,802299968.0
0.09949944913387299,0.36576730012893677,0.9290685057640076,-368213120.0,-629299776.0,332603488.0,714630912.0
0.09754608571529388,0.3710169792175293,0.9285801649093628,-609711424.0,-708407488.0,73023000.0,523450048.0
0.09779025614261627,0.3726040720939636,0.9295568466186523,-762101376.0,-683960704.0,-197243792.0,255764752.0
0.09986570477485657,0.3685752749443054,0.9339519143104553,-803146816.0,-559443392.0,-438721568.0,-49225368.0
0.10194115340709686,0.36955195665359497,0.9321206212043762,-726718976.0,-353098720.0,-616120576.0,-347156704.0
0.10096447169780731,0.37016236782073975,0.9360273480415344,-544069632.0,-95118800.0,-703371264.0,-594248320.0
0.1013307273387909,0.3744353652000427,0.9360273480415344,-281876256.0,176572784.0,-687836480.0,-754433728.0
0.10157489776611328,0.3707728087902069,0.932731032371521,29016386.0,427995744.0,-568317184.0,-803688192.0
0.09779025614261627,0.36820900440216064,0.932486891746521,328768320.0,610213312.0,-367123936.0,-733275264.0
0.09974361956119537,0.3705286383628845,0.9344402551651001,580581248.0,703198016.0,-112219984.0,-555667328.0
0.10499328374862671,0.37773165106773376,0.9318764209747314,747635456.0,693324864.0,158994656.0,-296621088.0
0.10633622109889984,0.38237088918685913,0.9308997392654419,805328128.0,582036352.0,406898912.0,5927004.0
0.10584788024425507,0.3812721371650696,0.932853102684021,745175808.0,385478656.0,595307392.0,307652064.0
0.10548162460327148,0.38005128502845764,0.9350506663322449,575968384.0,132434128.0,696540352.0,564335552.0
0.10951043665409088,0.38188254833221436,0.9288243055343628,315311904.0,-146296352.0,694984320.0,741008832.0
0.11024294793605804,0.3789525032043457,0.9306555986404419,13792830.0,-396921152.0,590060096.0,804371776.0
0.1090220957994461,0.36967402696609497,0.9301672577857971,-289649792.0,-589585472.0,398725152.0,749954496.0
0.10548162460327148,0.3674764931201935,0.9351727366447449,-550601856.0,-695982912.0,148879584.0,585834240.0
0.10487119853496552,0.36991819739341736,0.9387131929397583,-730983360.0,-700466496.0,-122849664.0,335915872.0
0.11060920357704163,0.3784641623497009,0.9381027817726135,-804376128.0,-602397952.0,-376394848.0,36662768.0
0.11524844169616699,0.3849346935749054,0.9399340748786926,-759990976.0,-416130688.0,-574720704.0,-268079488.0
0.11585886776447296,0.38542303442955017,0.941643238067627,-599128768.0,-162628224.0,-690805312.0,-538800832.0
0.1131729930639267,0.38151630759239197,0.9420095086097717,-353385312.0,109285368.0,-701549952.0,-723826432.0
0.11158588528633118,0.3733365833759308,0.952386736869812,-56223260.0,365312832.0,-609528768.0,-802982976.0
0.12013185024261475,0.3767549693584442,0.952142596244812,249261920.0,567701888.0,-428477568.0,-764795072.0
0.12635819613933563,0.3763887286186218,0.952264666557312,518452448.0,687062528.0,-184862480.0,-614735296.0
0.12770113348960876,0.36820900440216064,0.956537663936615,711751488.0,705983936.0,85801424.0,-374908160.0
0.12416066229343414,0.3627151846885681,0.9600781202316284,801291968.0,618913472.0,349976192.0,-72906928.0
0.1209864467382431,0.36002930998802185,0.9592235088348389,770582912.0,441933856.0,556229568.0,233295136.0
0.11524844169616699,0.35807594656944275,0.9549505710601807,627163712.0,200489984.0,681212992.0,505311584.0
0.10853375494480133,0.3596630394458771,0.947869598865509,391980800.0,-70197360.0,706727296.0,703478080.0
0.0971798300743103,0.3596630394458771,0.941521167755127,99423112.0,-330785856.0,628999040.0,798734976.0
0.08643633127212524,0.36442437767982483,0.9330973029136658,-207624304.0,-543013376.0,459431232.0,777092736.0
0.08668050169944763,0.3674764931201935,0.9204004406929016,-484487040.0,-675898048.0,222824432.0,641642304.0
0.08558173477649689,0.3655231297016144,0.9178366661071777,-693987712.0,-709841792.0,-52975744.0,405734880.0
0.08118666708469391,0.3569771647453308,0.9157611727714539,-796298816.0,-637534080.0,-314825600.0,115172952.0
0.079355388879776,0.3492858111858368,0.917470395565033,-782073984.0,-471829120.0,-530801024.0,-192118080.0
0.0893663763999939,0.34782078862190247,0.9160053730010986,-653405376.0,-237195664.0,-669013952.0,-471318848.0
0.10767915844917297,0.3407398462295532,0.9125869870185852,-429155264.0,31846972.0,-709327872.0,-681606144.0
0.11549261212348938,0.33243805170059204,0.91331946849823,-142210688.0,296268672.0,-645991232.0,-792223360.0
0.11793431639671326,0.3329263925552368,0.9136857390403748,165493104.0,517435776.0,-488271008.0,-787010304.0
0.12049810588359833,0.3352459967136383,0.917592465877533,454930976.0,665728192.0,-253206928.0,-662307712.0
0.12745696306228638,0.34049567580223083,0.9149066209793091,670999808.0,711798208.0,14004692.0,-442524448.0
0.1351483315229416,0.3431815505027771,0.9155170321464539,789075840.0,653770880.0,279122304.0,-157972336.0
0.13636918365955353,0.35014039278030396,0.9164937138557434,791784192.0,500086336.0,503447168.0,149846352.0
0.13209620118141174,0.35453546047210693,0.9182028770446777,678597312.0,273180672.0,654147584.0,435764288.0
0.127212792634964,0.3635697662830353,0.9142961502075195,465949216.0,6399527.0,709158720.0,657925376.0
0.12367232143878937,0.37199366092681885,0.9125869870185852,177659200.0,-267467984.0,658395328.0,785070208.0
0.11476010084152222,0.37797582149505615,0.9193016886711121,-130447648.0,-495342880.0,510796608.0,793490496.0
0.10218532383441925,0.3871322274208069,0.9245513081550598,-419438624.0,-650863232.0,288275168.0,685760320.0
0.09241850674152374,0.40190452337265015,0.9321206212043762,-647015744.0,-711073664.0,23452380.0,477615264.0
0.08619216084480286,0.41716518998146057,0.9307776689529419,-779727296.0,-667330560.0,-244669968.0,199382416.0
0.08020998537540436,0.4165547490119934,0.9315102100372314,-798095936.0,-526045472.0,-477054560.0,-107978976.0
0.0714198499917984,0.40141618251800537,0.9387131929397583,-699697472.0,-307632640.0,-639817152.0,-399175616.0
0.06580393016338348,0.39616653323173523,0.9367598295211792,-492861184.0,-37750644.0,-709924160.0,-636075392.0
0.06421682238578796,0.3931143879890442,0.9322426915168762,-217796144.0,231520736.0,-673110144.0,-773826368.0
0.06873397529125214,0.38188254833221436,0.9340739846229553,88944416.0,466849984.0,-537893888.0,-798580992.0
0.07789036631584167,0.3635697662830353,0.9407886862754822,382716224.0,633935424.0,-323837024.0,-706898304.0
0.08997680246829987,0.35392504930496216,0.9451837539672852,620780288.0,708176384.0,-62362868.0,-512006304.0
0.10474911332130432,0.3547796308994293,0.9424978494644165,768349888.0,678757632.0,208003856.0,-242038128.0
0.11524844169616699,0.34843119978904724,0.9395678043365479,803599168.0,550067392.0,447816768.0,63528184.0
0.11549261212348938,0.3348797559738159,0.9429861903190613,717631680.0,335173248.0,625700736.0,366174528.0
0.1110975444316864,0.32865339517593384,0.9448174834251404,527594912.0,75151096.0,706565888.0,608014848.0
0.10242949426174164,0.336955189704895,0.9457941651344299,260351600.0,-195949424.0,683996928.0,760848576.0
0.10548162460327148,0.3446465730667114,0.9512879848480225,-45021288.0,-438234368.0,561134272.0,802479616.0
0.10804541409015656,0.3490416407585144,0.9472591876983643,-343988896.0,-616353536.0,356097376.0,726564608.0
0.10023196041584015,0.3490416407585144,0.943230390548706,-592454400.0,-704336320.0,98788960.0,544123520.0
0.08838969469070435,0.34623366594314575,0.941277027130127,-753842624.0,-689281664.0,-173171824.0,282037440.0
0.08228543400764465,0.34794285893440247,0.9338297843933105,-803997504.0,-569907392.0,-425307328.0,-28788136.0
0.08252960443496704,0.3516054153442383,0.9308997392654419,-734208192.0,-368541504.0,-608362752.0,-328529632.0
0.08704675734043121,0.35844218730926514,0.9250396490097046,-556856640.0,-113368680.0,-702287616.0,-580320448.0
0.08900012075901031,0.36588940024375916,0.9190574884414673,-297821280.0,158350864.0,-693384128.0,-747239872.0
0.08997680246829987,0.36369186639785767,0.9199120998382568,4717607.0,406901152.0,-582829760.0,-804760960.0
0.09217433631420135,0.3596630394458771,0.924062967300415,306520320.0,595891968.0,-386688384.0,-744547968.0
0.09766817092895508,0.35563424229621887,0.9243071675300598,568431232.0,699114048.0,-127531904.0,-569896960.0
0.1052374541759491,0.35648882389068604,0.9243071675300598,740705600.0,695880064.0,144549952.0,-314853856.0
0.10816749930381775,0.35038456320762634,0.9278476238250732,804580352.0,590741888.0,395483552.0,-13735684.0
0.11073128879070282,0.34867537021636963,0.9271151423454285,750625280.0,399182080.0,588510784.0,289468224.0
0.10804541409015656,0.3476986885070801,0.9271151423454285,586733888.0,149177056.0,695439488.0,550249920.0
0.10560370981693268,0.35587841272354126,0.9261384606361389,336895616.0,-122605960.0,700545024.0,730497984.0
0.10584788024425507,0.36991819739341736,0.9247955083847046,37566052.0,-376297376.0,603087424.0,803863296.0
0.10731290280818939,0.37577828764915466,0.9256501197814941,-274288224.0,-578979456.0,412162784.0,756698176.0
0.10804541409015656,0.37577828764915466,0.9334635734558105,-538795904.0,-690748160.0,164029408.0,598816960.0
0.11073128879070282,0.3749237060546875,0.9360273480415344,-724354880.0,-701236736.0,-108150200.0,353273280.0
0.11060920357704163,0.3708948791027069,0.9348064661026001,-803731456.0,-609048576.0,-364493952.0,56047012.0
0.11268465220928192,0.36015138030052185,0.9431082606315613,-765537088.0,-427555968.0,-567438848.0,-249165504.0
0.11781223118305206,0.3530704379081726,0.9438408017158508,-615350208.0,-183533968.0,-687288832.0,-517894720.0
0.1169576346874237,0.35441339015960693,0.9446954131126404,-375064992.0,87359256.0,-706569216.0,-710898048.0
0.11476010084152222,0.360883891582489,0.9427420496940613,-72290096.0,351377792.0,-619605632.0,-800198784.0
0.1150042712688446,0.36637774109840393,0.9410328269004822,234652656.0,557111744.0,-442399424.0,-769265152.0
0.11549261212348938,0.37431326508522034,0.9423757791519165,507322496.0,681177920.0,-200298528.0,-625637696.0
0.1191551685333252,0.38420218229293823,0.9411548972129822,705759744.0,705325632.0,71067752.0,-390243360.0
0.1172018051147461,0.3874984681606293,0.9378586411476135,800706176.0,626143232.0,331958592.0,-97668968.0
0.10792332887649536,0.3794408440589905,0.9357831478118896,778224512.0,455244704.0,544399360.0,208972800.0
0.10438285768032074,0.36955195665359497,0.9388353228569031,637050240.0,211490448.0,679575488.0,490446208.0
0.1071908175945282,0.3666219115257263,0.932853102684021,404774400.0,-57996648.0,710697216.0,693271232.0
0.1131729930639267,0.3635697662830353,0.928213894367218,113143784.0,-318866624.0,637957376.0,794641088.0
0.11378341913223267,0.3628372550010681,0.9245513081550598,-195089024.0,-533098848.0,472024768.0,779653760.0
0.11073128879070282,0.3667439818382263,0.9245513081550598,-474820160.0,-669399424.0,237031760.0,650528768.0
0.10499328374862671,0.37187156081199646,0.9217433929443359,-684953600.0,-707860736.0,-32515738.0,426187744.0
0.10413868725299835,0.3790746033191681,0.917348325252533,-794899456.0,-642911552.0,-297135264.0,139397632.0
0.10255157947540283,0.3793187737464905,0.9157611727714539,-786687424.0,-479545760.0,-522979008.0,-174851936.0
0.1012086421251297,0.3732145130634308,0.9158833026885986,-662754880.0,-248668432.0,-666028608.0,-456341280.0
0.10157489776611328,0.3666219115257263,0.9153949618339539,-442062112.0,18625754.0,-711812224.0,-671177344.0
0.10621413588523865,0.3616164028644562,0.9153949618339539,-156791664.0,283166720.0,-653605952.0,-788006208.0
0.10633622109889984,0.353192538022995,0.9158833026885986,151420304.0,506520576.0,-499867680.0,-789659776.0
0.10352826118469238,0.34830912947654724,0.9182028770446777,437366752.0,655927872.0,-273071840.0,-675886272.0
0.10462702810764313,0.3509950041770935,0.9142961502075195,659425920.0,709549504.0,-6513690.0,-463223584.0
0.10279574990272522,0.35258209705352783,0.9134415984153748,786374528.0,657537728.0,267160432.0,-175516560.0
0.10365034639835358,0.3491637110710144,0.917348325252533,794643904.0,509075808.0,494935488.0,131693824.0
0.10535953938961029,0.35026249289512634,0.9212550520896912,686905472.0,286190176.0,650384832.0,419734560.0
0.10377243161201477,0.3585642874240875,0.9152728319168091,478614816.0,21616180.0,710904896.0,646526400.0
0.1010865569114685,0.35246002674102783,0.9163716435432434,200481776.0,-246222432.0,667559872.0,778759872.0
0.09803442656993866,0.3418385982513428,0.9228421449661255,-106817744.0,-478345472.0,526449216.0,797212864.0
0.09595897793769836,0.34012940526008606,0.9307776689529419,-398473536.0,-640574720.0,308157504.0,699173376.0
0.09766817092895508,0.3415944278240204,0.9330973029136658,-636214272.0,-709856192.0,38287608.0,492738432.0
0.10010987520217896,0.3465999364852905,0.9373703002929688,-774931328.0,-671926720.0,-231092320.0,217976640.0
0.10059821605682373,0.34806495904922485,0.9385911226272583,-800225344.0,-535654976.0,-466640064.0,-88779056.0
0.0973019152879715,0.34830912947654724,0.9457941651344299,-708484672.0,-320898912.0,-633838400.0,-382418272.0
0.08961054682731628,0.3474545180797577,0.9537296891212463,-513180928.0,-59011040.0,-708310336.0,-619984704.0
0.08277377486228943,0.35600048303604126,0.9547063708305359,-242781056.0,211460128.0,-679190016.0,-766788352.0
0.07715785503387451,0.35221585631370544,0.956415593624115,70462496.0,456389920.0,-546943232.0,-800323648.0
0.0775241106748581,0.35587841272354126,0.9500671625137329,366576128.0,627883392.0,-336577344.0,-714857728.0
0.07911121845245361,0.35783177614212036,0.9448174834251404,609119168.0,707557376.0,-77159600.0,-524694464.0
0.08314003050327301,0.3527041971683502,0.9446954131126404,762583552.0,683739648.0,193536672.0,-257742944.0
0.08655841648578644,0.35184958577156067,0.9483579397201538,804564992.0,559750720.0,435974112.0,46929552.0
0.08802343904972076,0.3666219115257263,0.943230390548706,728715584.0,353952704.0,614528384.0,344916576.0
0.08448296785354614,0.3794408440589905,0.9374923706054688,546058688.0,96388928.0,703159552.0,592467072.0
0.07837870717048645,0.3813942074775696,0.9382248520851135,276456832.0,-181871696.0,687567552.0,755424832.0
0.07605908811092377,0.3708948791027069,0.9439628720283508,-27816112.0,-426940576.0,569742720.0,803282496.0
0.07825662195682526,0.3547796308994293,0.9466487765312195,-327870432.0,-609627456.0,368172768.0,733638656.0
0.08277377486228943,0.34440240263938904,0.9429861903190613,-579818624.0,-703043840.0,112645424.0,556571840.0
0.09058722853660583,0.3387864828109741,0.9400561451911926,-746849344.0,-693553984.0,-159286624.0,297906368.0
0.10206323862075806,0.33439141511917114,0.9398120045661926,-804508096.0,-582597312.0,-407735904.0,-4480987.0
0.10975460708141327,0.33463558554649353,0.932486891746521,-744268352.0,-386685248.0,-596390080.0,-306234400.0
0.10621413588523865,0.341228187084198,0.928458034992218,-569536256.0,-127920096.0,-699536704.0,-568185536.0
0.10047613084316254,0.34806495904922485,0.9272372126579285,-314605600.0,143961312.0,-696429824.0,-740408960.0
0.09620314836502075,0.35795384645462036,0.9247955083847046,-13669381.0,394817856.0,-591498944.0,-804352256.0
0.09888902306556702,0.3635697662830353,0.9243071675300598,289263904.0,587868544.0,-400076672.0,-750731072.0
0.10096447169780731,0.3646685481071472,0.9234525561332703,549858240.0,694916544.0,-150198080.0,-587459776.0
0.1051153689622879,0.357587605714798,0.9273592829704285,730137088.0,700288640.0,121766736.0,-338511488.0
0.10780124366283417,0.3552679717540741,0.9311439394950867,803755904.0,600083776.0,381735776.0,-32790232.0
0.11329507827758789,0.35844218730926514,0.9335856437683105,757338048.0,413113920.0,578984768.0,271061152.0
0.11598095297813416,0.36381393671035767,0.9329752326011658,600265472.0,165901376.0,691683392.0,535400512.0
0.11952142417430878,0.3710169792175293,0.9312660098075867,355414400.0,-105445280.0,703403712.0,721600064.0
0.1172018051147461,0.37577828764915466,0.9302893280982971,58649280.0,-361388096.0,612470656.0,802346624.0
0.11402758955955505,0.3809058666229248,0.9299230575561523,-246725088.0,-564597568.0,432076224.0,765890304.0
0.11292882263660431,0.3832255005836487,0.9321206212043762,-516060064.0,-685289856.0,188524272.0,617608192.0
0.1169576346874237,0.3845684230327606,0.9329752326011658,-713274880.0,-705416384.0,-89122000.0,372297568.0
0.12159687280654907,0.3853009343147278,0.9343181252479553,-801067008.0,-620243456.0,-347188192.0,77276472.0
0.1251373440027237,0.3874984681606293,0.9329752326011658,-771707776.0,-444462912.0,-554387584.0,-229119472.0
0.12464900314807892,0.38798680901527405,0.9304113984107971,-629330304.0,-203718080.0,-680620288.0,-502115360.0
0.12379440665245056,0.3870101273059845,0.9273592829704285,-394844096.0,66683204.0,-707367296.0,-701572864.0
0.12232938408851624,0.39018434286117554,0.9301672577857971,-102528304.0,327349824.0,-630639936.0,-798464064.0
0.12355023622512817,0.3949456810951233,0.9288243055343628,204881808.0,540024832.0,-461744704.0,-778530624.0
0.12403857707977295,0.3983640670776367,0.9304113984107971,488112288.0,676082112.0,-219219152.0,-639940480.0
0.12220729887485504,0.4061775207519531,0.9272372126579285,693158336.0,708579712.0,50287800.0,-409681504.0
0.11683554947376251,0.40373581647872925,0.928091824054718,796656512.0,637451648.0,312437184.0,-119575336.0
0.11549261212348938,0.39763155579566956,0.9311439394950867,783640064.0,473032608.0,528918048.0,187924640.0
0.11366133391857147,0.3970211148262024,0.9310218691825867,656000448.0,239446400.0,668043776.0,467939968.0
0.10963252186775208,0.3988524079322815,0.9322426915168762,432473632.0,-29075548.0,709483712.0,679467072.0
0.1051153689622879,0.39543402194976807,0.9343181252479553,138409168.0,-299522080.0,644897280.0,792564480.0
0.10462702810764313,0.39592236280441284,0.9339519143104553,-169731584.0,-519332672.0,486004576.0,786260672.0
0.10401660203933716,0.3971432149410248,0.928213894367218,-453129184.0,-663261568.0,256206288.0,664859328.0
0.10462702810764313,0.3904285132884979,0.9319985508918762,-670229632.0,-710189696.0,-11086389.0,446342304.0
0.10755707323551178,0.38566720485687256,0.9323647618293762,-789365696.0,-653290688.0,-276781504.0,162562672.0
0.10938835144042969,0.3827371597290039,0.9332193732261658,-793136000.0,-500854848.0,-501985664.0,-144953824.0
0.10987669229507446,0.3789525032043457,0.9361494183540344,-681036032.0,-275105248.0,-653794816.0,-431255040.0
0.11195214092731476,0.37590038776397705,0.9398120045661926,-463222112.0,-2531432.0,-710411520.0,-658525568.0
0.11476010084152222,0.3706507086753845,0.9381027817726135,-181817264.0,264250288.0,-660191936.0,-783697856.0
0.1151263564825058,0.3627151846885681,0.9400561451911926,126150880.0,492525664.0,-513346368.0,-794293056.0
0.11598095297813416,0.3547796308994293,0.9390794634819031,415628640.0,648880832.0,-291405856.0,-688629504.0
0.11622512340545654,0.35062873363494873,0.937126100063324,644256384.0,710436928.0,-26836064.0,-482093792.0
0.12025393545627594,0.3492858111858368,0.9351727366447449,778592064.0,668085760.0,241626960.0,-204923728.0
0.11878891289234161,0.35575631260871887,0.9343181252479553,798963136.0,527994464.0,474694720.0,102304544.0
0.11561469733715057,0.36625564098358154,0.9273592829704285,698241280.0,305046336.0,641511232.0,400987168.0
0.10938835144042969,0.36979612708091736,0.9246734380722046,496517664.0,41824196.0,709162432.0,633822592.0
0.10291783511638641,0.3694298565387726,0.9256501197814941,222139744.0,-227707392.0,673003072.0,773816320.0
0.10157489776611328,0.3705286383628845,0.9266268014907837,-84648336.0,-463900832.0,538277248.0,800505920.0
0.10145281255245209,0.37797582149505615,0.9234525561332703,-379101024.0,-632152320.0,324825792.0,709982784.0
0.09754608571529388,0.3805396258831024,0.9204004406929016,-617997248.0,-707954624.0,63843816.0,515485376.0
0.09376144409179688,0.3730924129486084,0.9227200746536255,-766346048.0,-680128960.0,-206645520.0,245677600.0
0.0931510180234909,0.37028446793556213,0.923696756362915,-801570496.0,-548925952.0,-452258848.0,-67442232.0
0.09363935887813568,0.3706507086753845,0.9222317337989807,-717554880.0,-339165600.0,-625036224.0,-363775936.0
0.0971798300743103,0.3768770694732666,0.9229642152786255,-528503712.0,-79933960.0,-706283584.0,-606942656.0
0.09571480751037598,0.37821999192237854,0.9244292378425598,-262105472.0,191026992.0,-684207168.0,-761309056.0
0.09559272229671478,0.3829813301563263,0.9235746264457703,42688652.0,434004608.0,-562024704.0,-804280640.0
0.09583689272403717,0.3887193202972412,0.9227200746536255,341250528.0,613406848.0,-357722464.0,-729545280.0
0.09241850674152374,0.39189353585243225,0.9245513081550598,594626048.0,704403328.0,-94630880.0,-542404224.0
0.09547063708305359,0.3914051949977875,0.9251617789268494,754717952.0,688602240.0,176534256.0,-279257824.0
0.09180808067321777,0.38542303442955017,0.9254059195518494,804341120.0,572105088.0,421953216.0,24660520.0
0.0874130129814148,0.37419119477272034,0.9245513081550598,736250624.0,371859296.0,605840448.0,324860768.0
0.08655841648578644,0.3635697662830353,0.9299230575561523,560636416.0,117167928.0,701106688.0,577346816.0
0.0893663763999939,0.36369186639785767,0.9296789169311523,302956672.0,-154629408.0,693867136.0,745504448.0
0.08826760947704315,0.3688194453716278,0.9258942604064941,863508.0,-403725024.0,585248512.0,804618560.0
0.08704675734043121,0.37199366092681885,0.9263826012611389,-308143712.0,-597659904.0,385786592.0,742926848.0
0.08765718340873718,0.3755341172218323,0.9279696941375732,-564975808.0,-698303616.0,133491336.0,572953664.0
0.08948846161365509,0.37626662850379944,0.9249175786972046,-739202240.0,-696822400.0,-138337056.0,319065792.0
0.0893663763999939,0.37565621733665466,0.9244292378425598,-805255104.0,-593388032.0,-389914048.0,18532296.0
0.08802343904972076,0.36967402696609497,0.9232084155082703,-753457024.0,-403119296.0,-584544320.0,-284652064.0
0.08802343904972076,0.36173850297927856,0.9247955083847046,-591484608.0,-153852336.0,-693715264.0,-546036672.0
0.08887803554534912,0.3566109240055084,0.9269930124282837,-343064928.0,117994928.0,-701453568.0,-727508160.0
0.09498229622840881,0.3549017310142517,0.9285801649093628,-37040208.0,378320704.0,-603500736.0,-802626880.0
0.09876693785190582,0.3570992648601532,0.928091824054718,267782912.0,576493248.0,-418128416.0,-757652928.0
0.10279574990272522,0.35795384645462036,0.9293126463890076,533545920.0,690353408.0,-171536176.0,-601861952.0
0.10682456195354462,0.360883891582489,0.9295568466186523,721334592.0,703176768.0,100147168.0,-357925824.0
0.10621413588523865,0.3654010593891144,0.9308997392654419,803566400.0,613081920.0,357126528.0,-61593212.0
0.10218532383441925,0.36405810713768005,0.932731032371521,768186880.0,433226976.0,561919744.0,243661776.0
0.10560370981693268,0.3624710142612457,0.9357831478118896,615420288.0,183727280.0,686538560.0,518737408.0
0.10890001058578491,0.36393603682518005,0.9362714886665344,375080416.0,-87379320.0,706184896.0,711269248.0
0.1110975444316864,0.36588940024375916,0.9359052777290344,79763752.0,-345682208.0,622453056.0,799759488.0
0.10987669229507446,0.36820900440216064,0.9367598295211792,-227267488.0,-553398528.0,447571424.0,771168512.0
0.10548162460327148,0.3705286383628845,0.932853102684021,-501023296.0,-680204608.0,207193936.0,629515328.0
0.10267366468906403,0.37016236782073975,0.9343181252479553,-701329920.0,-707409344.0,-63529560.0,395719360.0
0.10145281255245209,0.37370285391807556,0.9350506663322449,-798951488.0,-631072704.0,-324833728.0,104059088.0
0.10218532383441925,0.37626662850379944,0.9355390071868896,-777452416.0,-457695744.0,-543079552.0,-209924896.0
0.10499328374862671,0.38542303442955017,0.9356610774993896,-641693760.0,-220406464.0,-675459648.0,-486133600.0
0.1052374541759491,0.38615554571151733,0.9343181252479553,-412062208.0,49067992.0,-709096064.0,-691304064.0
0.10694664716720581,0.38383591175079346,0.9354169368743896,-122228312.0,311344992.0,-639013568.0,-795429248.0
0.10499328374862671,0.3807837963104248,0.9348064661026001,185372256.0,528131616.0,-475540256.0,-783260544.0
0.10365034639835358,0.3809058666229248,0.9376144409179688,465867776.0,667743040.0,-242510160.0,-656655744.0
0.10047613084316254,0.3833475708961487,0.9420095086097717,678242880.0,709735552.0,25986556.0,-434175392.0
0.10157489776611328,0.38578927516937256,0.943230390548706,792532480.0,645676032.0,296760960.0,-140887184.0
0.09998778998851776,0.3874984681606293,0.9427420496940613,787469440.0,487243744.0,517303200.0,166746304.0
0.10047613084316254,0.3828592300415039,0.9423757791519165,667358144.0,257571344.0,662334656.0,450027072.0
0.10084238648414612,0.38005128502845764,0.9400561451911926,449735520.0,-9694812.0,710650112.0,667489280.0
0.10548162460327148,0.3773654103279114,0.9389573931694031,166356528.0,-275519840.0,655188480.0,787441408.0
0.11036503314971924,0.37980711460113525,0.9395678043365479,-141387648.0,-500999808.0,504014080.0,792401472.0
0.11256256699562073,0.38359174132347107,0.937248170375824,-428597984.0,-653280128.0,279220608.0,681532224.0
0.11134171485900879,0.38163837790489197,0.9373703002929688,-657171136.0,-710599104.0,6992980.0,464809280.0
0.1091441810131073,0.37968501448631287,0.9349285960197449,-783743616.0,-661091072.0,-260157472.0,184239344.0
0.1092662662267685,0.3751678764820099,0.9301672577857971,-795649152.0,-514972736.0,-489348224.0,-123309840.0
0.11073128879070282,0.3767549693584442,0.9296789169311523,-691214016.0,-293591168.0,-646930112.0,-412832128.0
0.11439384520053864,0.3754120469093323,0.9262605309486389,-485610688.0,-29317412.0,-709954368.0,-642035136.0
0.1172018051147461,0.3732145130634308,0.9278476238250732,-209057392.0,239218512.0,-669106560.0,-777359296.0
0.11756806075572968,0.3751678764820099,0.9260163307189941,105498016.0,477954464.0,-526342400.0,-797693440.0
0.11610303819179535,0.3766328990459442,0.923818826675415,397600576.0,640255360.0,-308641728.0,-699748992.0
0.11292882263660431,0.3805396258831024,0.9233304858207703,631529152.0,708942400.0,-45755740.0,-499399168.0
0.11244048178195953,0.3810279667377472,0.9199120998382568,772982528.0,673991552.0,223797136.0,-225986192.0
0.1172018051147461,0.3785862624645233,0.9219875335693359,801414336.0,540403584.0,460588704.0,80489496.0
0.11793431639671326,0.3767549693584442,0.923940896987915,712680960.0,327746112.0,629977856.0,375123552.0
0.12025393545627594,0.3806616961956024,0.9196678996086121,519631008.0,67251480.0,707242688.0,614971648.0
0.12171895802021027,0.3789525032043457,0.9182028770446777,243353840.0,-209417680.0,679614080.0,766791552.0
0.12330606579780579,0.37956294417381287,0.9178366661071777,-62853868.0,-448629856.0,551640896.0,802118720.0
0.1250152587890625,0.3766328990459442,0.9169820547103882,-359904224.0,-622289280.0,343008544.0,720063616.0
0.12379440665245056,0.37797582149505615,0.9230862855911255,-604303744.0,-704881152.0,84106808.0,532735456.0
0.12220729887485504,0.3832255005836487,0.9194237589836121,-760275072.0,-684419008.0,-186984912.0,267414624.0
0.12330606579780579,0.38432425260543823,0.9199120998382568,-805080000.0,-563837440.0,-430674400.0,-37076476.0
0.12599194049835205,0.3871322274208069,0.9208887815475464,-732179456.0,-360771488.0,-611258432.0,-336216832.0
0.12599194049835205,0.3871322274208069,0.9202783703804016,-546445632.0,-98528896.0,-703797952.0,-590998528.0
0.12599194049835205,0.38371384143829346,0.9225979447364807,-284096128.0,172433504.0,-689595712.0,-752951104.0
0.1268465369939804,0.38151630759239197,0.9194237589836121,19853908.0,418184352.0,-574549696.0,-804699840.0
0.13148577511310577,0.37956294417381287,0.9218654632568359,320929792.0,602697664.0,-375438496.0,-738733376.0
0.13014283776283264,0.38359174132347107,0.923818826675415,575160000.0,699011904.0,-121316696.0,-564603456.0
0.12818947434425354,0.38420218229293823,0.917470395565033,745093696.0,693123520.0,150385504.0,-307767456.0
0.12574777007102966,0.3793187737464905,0.9214991927146912,805658304.0,582379840.0,405792704.0,1492308.0
0.12648028135299683,0.3791966736316681,0.9257721900939941,745981440.0,387478208.0,594987648.0,303782080.0
0.13246245682239532,0.3870101273059845,0.917592465877533,576887360.0,136062416.0,697089792.0,561849920.0
0.12745696306228638,0.3884751498699188,0.9214991927146912,323449536.0,-135256672.0,697139584.0,737566208.0
0.11744597554206848,0.3851788640022278,0.9245513081550598,22859630.0,-386989600.0,595147776.0,805255936.0
0.10975460708141327,0.3793187737464905,0.9241850972175598,-280947520.0,-582287232.0,406048288.0,755020800.0
0.10804541409015656,0.38029545545578003,0.9254059195518494,-543657216.0,-692356736.0,157602768.0,594274304.0
0.11244048178195953,0.38212671875953674,0.9230862855911255,-729747392.0,-700464960.0,-120231296.0,339534208.0
0.1112196296453476,0.38200464844703674,0.9184470772743225,-803901504.0,-604406592.0,-373828896.0,40106036.0
0.10365034639835358,0.37626662850379944,0.9217433929443359,-760406656.0,-419824224.0,-572909568.0,-265000848.0
0.09791234135627747,0.37431326508522034,0.9234525561332703,-605648448.0,-173695952.0,-688274688.0,-531243008.0
0.09693565964698792,0.3754120469093323,0.9277255535125732,-362356640.0,97911832.0,-702832512.0,-719763136.0
0.09986570477485657,0.38224881887435913,0.9230862855911255,-65913204.0,355007264.0,-614592832.0,-803008384.0
0.10059821605682373,0.37773165106773376,0.9212550520896912,240225984.0,560167488.0,-436421472.0,-768740288.0
0.1010865569114685,0.365278959274292,0.9249175786972046,516621664.0,685549184.0,-188022528.0,-617003584.0
0.09669148921966553,0.3529483675956726,0.9266268014907837,710440448.0,706251584.0,82912856.0,-377531552.0
0.10023196041584015,0.35001832246780396,0.9290685057640076,800264064.0,623582208.0,341721056.0,-82890816.0
0.10242949426174164,0.3535587787628174,0.9312660098075867,773028800.0,449665216.0,550477184.0,223883968.0
0.10499328374862671,0.35600048303604126,0.9323647618293762,632685632.0,209911920.0,678653568.0,497992672.0
0.10438285768032074,0.35612258315086365,0.9339519143104553,399735584.0,-60643324.0,707491392.0,699221888.0
0.10157489776611328,0.353192538022995,0.9317543506622314,108318816.0,-322379424.0,632847424.0,797975040.0
0.09827859699726105,0.3491637110710144,0.9330973029136658,-205940144.0,-541631104.0,460905984.0,777632000.0
0.09852276742458344,0.34623366594314575,0.932608962059021,-482843744.0,-675419712.0,224328432.0,642859520.0
0.09901110827922821,0.34843119978904724,0.9313880801200867,-689093248.0,-710365760.0,-45047840.0,414032864.0
0.09998778998851776,0.353192538022995,0.9341960549354553,-794621632.0,-641229568.0,-307899680.0,124581016.0
0.10169698297977448,0.3605176508426666,0.9345623254776001,-783884480.0,-478154848.0,-525598080.0,-183197392.0
0.10072030127048492,0.36442437767982483,0.9330973029136658,-658337024.0,-245045968.0,-666327552.0,-464191712.0
0.10023196041584015,0.3646685481071472,0.9339519143104553,-429986560.0,30539126.0,-709600256.0,-680858240.0
0.09827859699726105,0.3605176508426666,0.9374923706054688,-143282608.0,295380288.0,-646265472.0,-792138304.0
0.09888902306556702,0.36222684383392334,0.9351727366447449,164417328.0,517000512.0,-488374144.0,-787457728.0
0.09888902306556702,0.3627151846885681,0.9312660098075867,448009120.0,662971456.0,-259113664.0,-667486528.0
0.09705774486064911,0.3596630394458771,0.932853102684021,665971456.0,711946432.0,8088134.0,-449967072.0
0.09754608571529388,0.35783177614212036,0.9335856437683105,786549056.0,656753856.0,274168544.0,-166637808.0
0.10291783511638641,0.36222684383392334,0.9322426915168762,792100352.0,505533696.0,500007584.0,141161808.0
0.10499328374862671,0.3674764931201935,0.928335964679718,677422464.0,274633696.0,655596480.0,434499648.0
0.107068732380867,0.3674764931201935,0.9288243055343628,465262112.0,8198714.0,710169280.0,657301312.0
0.11036503314971924,0.3746795356273651,0.9295568466186523,185029248.0,-259309184.0,660829056.0,784059584.0
0.11024294793605804,0.377121239900589,0.9278476238250732,-122299560.0,-488891360.0,514869312.0,796152704.0
0.10890001058578491,0.37760958075523376,0.9287022352218628,-411707904.0,-646976576.0,293558464.0,691854656.0
0.11134171485900879,0.3829813301563263,0.9244292378425598,-640942208.0,-710455872.0,29457192.0,486311968.0
0.11073128879070282,0.3785862624645233,0.9265046715736389,-776448512.0,-670021248.0,-239045712.0,209709072.0
0.11244048178195953,0.3734586834907532,0.923818826675415,-797072128.0,-527567168.0,-477770656.0,-104907440.0
0.11573678255081177,0.3693077862262726,0.9261384606361389,-699592384.0,-309928672.0,-640071872.0,-397170208.0
0.11634720861911774,0.37431326508522034,0.9300451874732971,-499780672.0,-46943040.0,-708693760.0,-631419328.0
0.1169576346874237,0.3789525032043457,0.9228421449661255,-226718880.0,222752720.0,-673782784.0,-773251584.0
0.11988767981529236,0.38212671875953674,0.9232084155082703,79580120.0,459761600.0,-540374272.0,-801999680.0
0.12318398058414459,0.38163837790489197,0.9222317337989807,374283744.0,629459904.0,-327987872.0,-713468608.0
0.12342815101146698,0.38005128502845764,0.9247955083847046,618767488.0,708078720.0,-61088048.0,-514724224.0
0.11817848682403564,0.3809058666229248,0.9232084155082703,766534016.0,679716160.0,208929712.0,-244297792.0
0.11683554947376251,0.3824929893016815,0.9219875335693359,802137344.0,551969216.0,448337376.0,61812136.0
0.1191551685333252,0.3812721371650696,0.9222317337989807,720383680.0,343440736.0,622193920.0,359015392.0
0.12147478759288788,0.37821999192237854,0.9230862855911255,533243712.0,84715656.0,704967488.0,603669376.0
0.12379440665245056,0.3790746033191681,0.9207667112350464,267981696.0,-186331680.0,684662400.0,760016576.0
0.12220729887485504,0.3766328990459442,0.9221096038818359,-36469716.0,-430162816.0,564206784.0,805122432.0
0.11927725374698639,0.3768770694732666,0.9244292378425598,-342098144.0,-614739008.0,355771648.0,728980672.0
0.11610303819179535,0.3788304328918457,0.9257721900939941,-590524160.0,-703748288.0,99190784.0,546902400.0
0.1169576346874237,0.38383591175079346,0.9230862855911255,-752615616.0,-689839488.0,-171780832.0,284787744.0
0.1172018051147461,0.38408008217811584,0.9221096038818359,-804657280.0,-575048384.0,-417619584.0,-19011320.0
0.11830057203769684,0.3789525032043457,0.9257721900939941,-739049280.0,-376025472.0,-602422912.0,-320030016.0
0.11805640161037445,0.3809058666229248,0.9247955083847046,-565264768.0,-121993496.0,-699099200.0,-574260608.0
0.11927725374698639,0.3810279667377472,0.9230862855911255,-308766784.0,149775888.0,-693524928.0,-744429248.0
0.11817848682403564,0.37760958075523376,0.9262605309486389,262123.0,405307104.0,-583110208.0,-805375744.0
0.11854474246501923,0.3793187737464905,0.9243071675300598,302566720.0,594774400.0,-388566208.0,-746079488.0
0.1172018051147461,0.3811500370502472,0.9254059195518494,560624384.0,697247808.0,-137182752.0,-577622912.0
0.1131729930639267,0.3774874806404114,0.9250396490097046,736572480.0,697797120.0,134322592.0,-324683104.0
0.11073128879070282,0.37809792160987854,0.924062967300415,804721792.0,596323840.0,386206208.0,-24227682.0
0.10963252186775208,0.38041752576828003,0.9260163307189941,755139392.0,407575840.0,581619456.0,279797760.0
0.10658039152622223,0.38408008217811584,0.9254059195518494,595051648.0,159183136.0,691946880.0,542867584.0
0.10584788024425507,0.38237088918685913,0.9254059195518494,341026304.0,-119071688.0,700359040.0,729343360.0
0.107068732380867,0.38163837790489197,0.9227200746536255,42112224.0,-373276032.0,604502016.0,803984064.0
0.10767915844917297,0.3744353652000427,0.9249175786972046,-262899568.0,-572922496.0,420121952.0,760961664.0
0.1090220957994461,0.36967402696609497,0.9243071675300598,-529384256.0,-688764096.0,174280880.0,606550912.0
0.10938835144042969,0.37028446793556213,0.9244292378425598,-718424448.0,-703843200.0,-97117208.0,363264096.0
0.10792332887649536,0.3732145130634308,0.9247955083847046,-802255488.0,-615927552.0,-354221696.0,66842688.0
0.10584788024425507,0.37809792160987854,0.9266268014907837,-766087360.0,-432847520.0,-563867072.0,-246431760.0
0.10450494289398193,0.3788304328918457,0.9298009872436523,-617523264.0,-189402368.0,-684850752.0,-516422944.0
0.10279574990272522,0.3784641623497009,0.9296789169311523,-378585504.0,81839128.0,-705553472.0,-710697664.0
0.09864485263824463,0.3749237060546875,0.9334635734558105,-84375296.0,341230080.0,-622920192.0,-800833856.0
0.09583689272403717,0.3693077862262726,0.9367598295211792,222000480.0,550732928.0,-449035936.0,-773755328.0
0.09864485263824463,0.3693077862262726,0.9383469820022583,495914752.0,679565184.0,-209525152.0,-633467008.0
0.09901110827922821,0.37406909465789795,0.9399340748786926,697370240.0,708935552.0,60562192.0,-400423328.0
0.10181906819343567,0.3784641623497009,0.937126100063324,797445376.0,631985472.0,327657184.0,-101180576.0
0.10731290280818939,0.3866438865661621,0.9304113984107971,777463040.0,462922560.0,539821120.0,206805792.0
0.10816749930381775,0.38981810212135315,0.9271151423454285,643512512.0,226122448.0,672937088.0,484600320.0
0.10450494289398193,0.38029545545578003,0.9287022352218628,415433184.0,-43940216.0,707529984.0,691236096.0
0.10474911332130432,0.37223783135414124,0.9317543506622314,126730016.0,-307682432.0,638431168.0,796616704.0
0.10609205067157745,0.36784276366233826,0.9332193732261658,-180367120.0,-526358336.0,475812864.0,785454144.0
0.1092662662267685,0.37028446793556213,0.932486891746521,-461060128.0,-667889984.0,243644384.0,659473664.0
0.11195214092731476,0.3716273903846741,0.9315102100372314,-678094976.0,-711869568.0,-30672576.0,430592224.0
0.11195214092731476,0.3674764931201935,0.9351727366447449,-790312192.0,-649009408.0,-294256160.0,143277040.0
0.11280673742294312,0.36796483397483826,0.9300451874732971,-786826112.0,-491322592.0,-514923456.0,-165173120.0
0.1112196296453476,0.3654010593891144,0.9333414435386658,-668159680.0,-261756208.0,-660337600.0,-449357440.0
0.10975460708141327,0.36649981141090393,0.9262605309486389,-451605696.0,5911803.0,-709333248.0,-667671488.0
0.10816749930381775,0.3705286383628845,0.9233304858207703,-168936160.0,272663360.0,-654715072.0,-788279744.0
0.10401660203933716,0.37382492423057556,0.9250396490097046,145590544.0,504460000.0,-500047296.0,-791958144.0
0.10377243161201477,0.38212671875953674,0.9229642152786255,431829984.0,655990144.0,-274732640.0,-678707072.0
0.10072030127048492,0.38798680901527405,0.9207667112350464,655011264.0,711674240.0,-9210248.0,-466172352.0
0.09864485263824463,0.38591137528419495,0.9247955083847046,782441536.0,663177600.0,257756992.0,-185643728.0
0.09803442656993866,0.38237088918685913,0.932853102684021,795575232.0,517408864.0,487214528.0,122031328.0
0.10389451682567596,0.38798680901527405,0.9251617789268494,692114752.0,296092256.0,645322176.0,412052608.0
0.10865584015846252,0.38762056827545166,0.9208887815475464,487218688.0,31634624.0,708982336.0,641780928.0
0.10938835144042969,0.3752899467945099,0.9218654632568359,203783584.0,-243836368.0,667095232.0,779051712.0
0.10951043665409088,0.36613357067108154,0.923696756362915,-103473200.0,-476874944.0,526947488.0,798205120.0
0.11134171485900879,0.3672323226928711,0.9265046715736389,-395582560.0,-640088768.0,309711488.0,700572032.0
0.11256256699562073,0.37773165106773376,0.9244292378425598,-629938560.0,-709624704.0,47297724.0,500294528.0
0.11231839656829834,0.38823097944259644,0.9186912178993225,-772128512.0,-675407040.0,-221845232.0,226603200.0
0.10633622109889984,0.38359174132347107,0.9204004406929016,-801248960.0,-542266240.0,-458723040.0,-80262864.0
0.1031620055437088,0.3763887286186218,0.9234525561332703,-713068864.0,-329615072.0,-628508928.0,-375212896.0
0.10462702810764313,0.38005128502845764,0.9199120998382568,-514482656.0,-62344904.0,-707303424.0,-619729024.0
0.10633622109889984,0.38395801186561584,0.9201562404632568,-244254464.0,207974880.0,-679091072.0,-767361088.0
0.10499328374862671,0.38359174132347107,0.9260163307189941,61589796.0,447900352.0,-551379200.0,-802804096.0
0.10365034639835358,0.3833475708961487,0.9257721900939941,358396352.0,622328192.0,-342949408.0,-720809920.0
0.1010865569114685,0.3806616961956024,0.9257721900939941,602662784.0,705739968.0,-84369272.0,-533415424.0
0.10035404562950134,0.3752899467945099,0.9310218691825867,758765504.0,685906688.0,186598000.0,-268159680.0
0.10413868725299835,0.37419119477272034,0.9317543506622314,803955776.0,565801792.0,430258912.0,36361996.0
0.10560370981693268,0.37809792160987854,0.928335964679718,728068096.0,357645824.0,614652352.0,342243104.0
0.10572579503059387,0.38017335534095764,0.9329752326011658,546488960.0,101051320.0,703455232.0,590940480.0
0.10987669229507446,0.3845684230327606,0.932608962059021,284892256.0,-170304448.0,689341824.0,753367168.0
0.10987669229507446,0.3871322274208069,0.9348064661026001,-18423404.0,-416780256.0,574313152.0,805630656.0
0.10853375494480133,0.3871322274208069,0.9315102100372314,-318934560.0,-602247296.0,375374304.0,739996352.0
0.10804541409015656,0.38212671875953674,0.936881959438324,-572807680.0,-699623808.0,121367928.0,566223680.0
0.1092662662267685,0.38151630759239197,0.937248170375824,-745386432.0,-693659136.0,-156848432.0,302582432.0
0.10816749930381775,0.37382492423057556,0.937248170375824,-804083904.0,-584734080.0,-405532544.0,63504.0
0.10804541409015656,0.37590038776397705,0.9348064661026001,-745074752.0,-390324864.0,-594900160.0,-302531648.0
0.10621413588523865,0.3765107989311218,0.9346843957901001,-577033600.0,-138800496.0,-697235904.0,-560847744.0
0.1031620055437088,0.3812721371650696,0.9308997392654419,-324401600.0,133063880.0,-697611840.0,-737100288.0
0.10157489776611328,0.3845684230327606,0.9258942604064941,-24258828.0,385373888.0,-595987904.0,-805368512.0
0.10474911332130432,0.3849346935749054,0.928335964679718,279372960.0,581178240.0,-407154688.0,-755863232.0
0.11036503314971924,0.3931143879890442,0.9224758744239807,547582720.0,693768256.0,-152616256.0,-590312256.0
0.10938835144042969,0.39409106969833374,0.917592465877533,728954432.0,700763328.0,118679680.0,-341164000.0
0.10255157947540283,0.3851788640022278,0.9222317337989807,803659968.0,605148608.0,372904960.0,-42299652.0
0.10242949426174164,0.3810279667377472,0.9245513081550598,760809664.0,420869440.0,572663872.0,262707408.0
0.10535953938961029,0.3845684230327606,0.9199120998382568,606516160.0,175194672.0,688609792.0,529323168.0
0.10755707323551178,0.3867659568786621,0.9210108518600464,363423392.0,-96050832.0,703786944.0,718542336.0
0.10621413588523865,0.38163837790489197,0.9211329221725464,67228016.0,-353292960.0,616028032.0,802555520.0
0.10401660203933716,0.3788304328918457,0.9222317337989807,-245709184.0,-563248576.0,433198368.0,766575936.0
0.10938835144042969,0.38200464844703674,0.9214991927146912,-515688544.0,-684634944.0,190199600.0,618131008.0
0.11024294793605804,0.3910389542579651,0.9205225110054016,-710270976.0,-705848128.0,-80465936.0,379130976.0
0.10584788024425507,0.38969600200653076,0.9194237589836121,-800844160.0,-623826816.0,-339470624.0,84675368.0
0.10072030127048492,0.3871322274208069,0.9190574884414673,-774192640.0,-450470784.0,-548916160.0,-222068288.0
0.09974361956119537,0.3809058666229248,0.9197900295257568,-634275456.0,-211109776.0,-678075904.0,-496247744.0
0.10279574990272522,0.38041752576828003,0.9221096038818359,-394913792.0,65694824.0,-707773120.0,-701217472.0
0.1090220957994461,0.38578927516937256,0.9199120998382568,-102308056.0,326275712.0,-631600128.0,-798172928.0
0.11146380007266998,0.3829813301563263,0.9172261953353882,205262480.0,539100800.0,-463076160.0,-778279936.0
0.1110975444316864,0.3744353652000427,0.9179587364196777,482780288.0,673161024.0,-226675056.0,-644451200.0
0.1092662662267685,0.3693077862262726,0.9216212630271912,689536384.0,708684672.0,42956520.0,-416391392.0
0.1090220957994461,0.3710169792175293,0.9223538041114807,795388224.0,640490176.0,306339104.0,-127309784.0
0.11244048178195953,0.3784641623497009,0.9214991927146912,784799552.0,478583808.0,524756800.0,180551968.0
0.11476010084152222,0.38371384143829346,0.9201562404632568,654690944.0,240706144.0,668908288.0,467892640.0
0.1130509078502655,0.3828592300415039,0.9217433929443359,430736768.0,-27658648.0,710284736.0,679792512.0
0.10890001058578491,0.38151630759239197,0.9268709421157837,143848144.0,-292165856.0,647570368.0,792162240.0
0.10963252186775208,0.3845684230327606,0.9229642152786255,-164037456.0,-513789920.0,490186048.0,788511744.0
