0.14357221126556396,0.8923208117485046,0.4547674357891083,59406804.0,-51580504.0,-548397632.0,-919778112.0
0.13575875759124756,0.8929312825202942,0.4509827792644501,59176844.0,-51514208.0,-548259648.0,-919878912.0
0.14198510348796844,0.8967158794403076,0.4482969045639038,59008256.0,-51439692.0,-548067840.0,-920008192.0
0.13465999066829681,0.8924429416656494,0.440117210149765,58902800.0,-51292804.0,-547960320.0,-920087232.0
0.12440483272075653,0.8943963050842285,0.44524478912353516,58768292.0,-51187656.0,-547872384.0,-920154048.0
0.13026492297649384,0.8918324708938599,0.46123793721199036,58654780.0,-51140352.0,-547745152.0,-920239680.0
0.142961785197258,0.91319739818573,0.45110487937927246,58691556.0,-50945004.0,-547622080.0,-920321408.0
0.12599194049835205,0.9197900295257568,0.4303503930568695,58618488.0,-50760824.0,-547637632.0,-920326976.0
0.11183005571365356,0.8969600796699524,0.43767550587654114,58341032.0,-50802720.0,-547498816.0,-920424896.0
0.1248931735754013,0.8669270873069763,0.4528140723705292,58099544.0,-51022456.0,-547208512.0,-920600640.0
0.14357221126556396,0.8445855379104614,0.46123793721199036,57995996.0,-51265656.0,-546904320.0,-920774400.0
0.15736784040927887,0.8464167714118958,0.4605054259300232,58012772.0,-51384364.0,-546890496.0,-920774912.0
0.1528506875038147,0.8593578338623047,0.46563300490379333,57998184.0,-51419488.0,-547156608.0,-920615808.0
0.14845561981201172,0.8776705861091614,0.4639238119125366,57895784.0,-51467848.0,-547508864.0,-920410048.0
0.14381638169288635,0.8895128965377808,0.46538883447647095,57680572.0,-51583544.0,-547775296.0,-920258560.0
0.14943230152130127,0.9003784656524658,0.46148210763931274,57467400.0,-51680616.0,-547913920.0,-920183936.0
0.13990965485572815,0.8985471725463867,0.45171529054641724,57210904.0,-51756376.0,-547972032.0,-920161024.0
0.1307532638311386,0.8951287865638733,0.4502502679824829,56908672.0,-51837516.0,-547923200.0,-920204288.0
0.13185203075408936,0.8771822452545166,0.44927358627319336,56699412.0,-51908596.0,-547825600.0,-920271296.0
0.13209620118141174,0.8864607214927673,0.45147112011909485,56603784.0,-51927584.0,-547733568.0,-920330880.0
0.12477108836174011,0.8924429416656494,0.4385300874710083,56549488.0,-51891168.0,-547766720.0,-920316608.0
0.11830057203769684,0.8950067162513733,0.43767550587654114,56449856.0,-51890748.0,-547785536.0,-920311552.0
0.12000976502895355,0.884751558303833,0.43962886929512024,56371252.0,-51945644.0,-547749440.0,-920334720.0
0.12403857707977295,0.8782810568809509,0.44121596217155457,56360248.0,-52012928.0,-547700736.0,-920360576.0
0.12818947434425354,0.88023442029953,0.4407276213169098,56366176.0,-52084444.0,-547719936.0,-920344768.0
0.12855572998523712,0.8841411471366882,0.44182640314102173,56319028.0,-52153304.0,-547770496.0,-920313664.0
0.13136368989944458,0.8813331723213196,0.4429251551628113,56225864.0,-52228560.0,-547856896.0,-920263616.0
0.13404956459999084,0.8801122903823853,0.4459773004055023,56142124.0,-52292432.0,-547953664.0,-920207552.0
0.1411305069923401,0.889146625995636,0.4429251551628113,56073036.0,-52280656.0,-548079744.0,-920137280.0
0.1371016949415207,0.8929312825202942,0.4403613805770874,55923496.0,-52298204.0,-548116992.0,-920123200.0
0.13734586536884308,0.8867049217224121,0.44390183687210083,55750132.0,-52331808.0,-548074816.0,-920156992.0
0.1410084217786789,0.8845073580741882,0.4464656412601471,55614148.0,-52340640.0,-548008896.0,-920203968.0
0.13820046186447144,0.8873153328895569,0.44341349601745605,55497440.0,-52288204.0,-547935424.0,-920257728.0
0.13795629143714905,0.8842632174491882,0.444634348154068,55359476.0,-52233480.0,-547821312.0,-920337088.0
0.1406421661376953,0.8792577385902405,0.4463435411453247,55245448.0,-52164316.0,-547709248.0,-920414528.0
0.1407642513513565,0.8771822452545166,0.4503723680973053,55160872.0,-52074632.0,-547657472.0,-920455488.0
0.14259552955627441,0.8815773129463196,0.4509827792644501,55081484.0,-51984616.0,-547671232.0,-920457152.0
0.14528140425682068,0.8930533528327942,0.45134904980659485,55001440.0,-51875328.0,-547709376.0,-920445376.0
0.14235135912895203,0.8932974934577942,0.4481748342514038,54897776.0,-51790320.0,-547735232.0,-920441024.0
0.14210718870162964,0.8908557891845703,0.4529361426830292,54791276.0,-51738908.0,-547684800.0,-920480256.0
0.14772310853004456,0.8961054682731628,0.44377976655960083,54758660.0,-51651532.0,-547630656.0,-920519296.0
0.1428396999835968,0.8942741751670837,0.44561102986335754,54719152.0,-51574836.0,-547550400.0,-920573696.0
0.14259552955627441,0.8931754231452942,0.4503723680973053,54693368.0,-51500124.0,-547427008.0,-920652800.0
0.1446709781885147,0.8857282400131226,0.4537907540798187,54706880.0,-51438336.0,-547293696.0,-920734720.0
0.14235135912895203,0.8859723806381226,0.4547674357891083,54714504.0,-51389184.0,-547192768.0,-920796992.0
0.14161884784698486,0.8871932625770569,0.45330241322517395,54701832.0,-51374968.0,-547128704.0,-920836608.0
0.1427176147699356,0.8863386511802673,0.45366865396499634,54681312.0,-51396156.0,-547098752.0,-920854400.0
0.14027591049671173,0.8838969469070435,0.45354658365249634,54665592.0,-51451424.0,-547095360.0,-920854272.0
0.13771212100982666,0.8840190172195435,0.45110487937927246,54651708.0,-51549000.0,-547090496.0,-920852544.0
0.13417164981365204,0.8842632174491882,0.45134904980659485,54657888.0,-51652640.0,-547115392.0,-920831552.0
0.13380539417266846,0.8874374032020569,0.45562201738357544,54719736.0,-51741424.0,-547143488.0,-920806208.0
0.1329507976770401,0.8904895782470703,0.4463435411453247,54815300.0,-51819720.0,-547186368.0,-920770624.0
0.1268465369939804,0.8889024257659912,0.44719815254211426,54904664.0,-51914764.0,-547182144.0,-920762496.0
0.12953241169452667,0.8830423355102539,0.4508607089519501,54997916.0,-52026284.0,-547088640.0,-920806208.0
0.13197411596775055,0.875839352607727,0.4523257315158844,55094388.0,-52140252.0,-546986624.0,-920854592.0
0.13197411596775055,0.8702234029769897,0.4539128243923187,55171776.0,-52237592.0,-546920768.0,-920883520.0
0.13160786032676697,0.8692467212677002,0.4542790949344635,55236272.0,-52296024.0,-546919872.0,-920876864.0
0.13563667237758636,0.8719326257705688,0.452203631401062,55270376.0,-52330712.0,-546954432.0,-920852352.0
0.13221828639507294,0.8732755184173584,0.4502502679824829,55308856.0,-52328052.0,-547037888.0,-920800640.0
0.13246245682239532,0.8785251975059509,0.4484190046787262,55342144.0,-52311772.0,-547113856.0,-920754368.0
0.1312416046857834,0.8808448314666748,0.4487852454185486,55379648.0,-52254460.0,-547175744.0,-920718656.0
0.13063117861747742,0.8876816034317017,0.4479306638240814,55402764.0,-52168032.0,-547207680.0,-920703168.0
0.12648028135299683,0.8879257440567017,0.4501281976699829,55381984.0,-52083288.0,-547230720.0,-920695552.0
0.1307532638311386,0.8884140849113464,0.4464656412601471,55371928.0,-51990332.0,-547201344.0,-920718848.0
0.12855572998523712,0.889390766620636,0.4447564482688904,55345972.0,-51876184.0,-547156864.0,-920753280.0
0.1307532638311386,0.8837748765945435,0.4498840272426605,55305348.0,-51787848.0,-547101312.0,-920793664.0
0.13563667237758636,0.8775485157966614,0.45305824279785156,55272768.0,-51689896.0,-547076224.0,-920816064.0
0.13465999066829681,0.8791356086730957,0.4542790949344635,55243632.0,-51587192.0,-547095872.0,-920811904.0
0.1350262463092804,0.8774264454841614,0.4567207992076874,55213724.0,-51483156.0,-547174272.0,-920772928.0
0.13807837665081024,0.8808448314666748,0.4568428695201874,55204424.0,-51375120.0,-547285952.0,-920713152.0
0.1371016949415207,0.8826761245727539,0.45769748091697693,55180280.0,-51285960.0,-547395328.0,-920654528.0
0.1367354393005371,0.8838969469070435,0.4605054259300232,55160520.0,-51211088.0,-547464448.0,-920618752.0
0.14003174006938934,0.8845073580741882,0.4568428695201874,55170932.0,-51130952.0,-547500352.0,-920601216.0
0.1390550583600998,0.8887803554534912,0.4562324583530426,55171760.0,-51059056.0,-547525632.0,-920590144.0
0.13417164981365204,0.889024555683136,0.45745331048965454,55141732.0,-51000804.0,-547496512.0,-920612480.0
0.13539250195026398,0.8870711922645569,0.45562201738357544,55123904.0,-50933096.0,-547432384.0,-920655424.0
0.1308753490447998,0.8865828514099121,0.45305824279785156,55084428.0,-50901588.0,-547358208.0,-920703680.0
0.13136368989944458,0.8832865357398987,0.4544011652469635,55053016.0,-50885016.0,-547305984.0,-920737536.0
0.1290440708398819,0.8781589269638062,0.4548895061016083,55035548.0,-50879324.0,-547282432.0,-920752832.0
0.13026492297649384,0.8793798089027405,0.4526919722557068,55030688.0,-50884436.0,-547304640.0,-920739712.0
0.12989866733551025,0.8854840397834778,0.4464656412601471,55036460.0,-50895928.0,-547336576.0,-920719680.0
0.12770113348960876,0.8915883302688599,0.45720914006233215,55037584.0,-50922876.0,-547417536.0,-920670016.0
0.1311195194721222,0.8834086060523987,0.4481748342514038,54971724.0,-50997800.0,-547440448.0,-920656192.0
0.13856671750545502,0.8838969469070435,0.4464656412601471,54949724.0,-51036128.0,-547449344.0,-920650112.0
0.13624709844589233,0.884629487991333,0.4420705735683441,54929116.0,-51040656.0,-547488512.0,-920627776.0
0.1290440708398819,0.8829202651977539,0.44316932559013367,54869752.0,-51072188.0,-547546560.0,-920595008.0
0.13234037160873413,0.8831644654273987,0.4462214708328247,54834900.0,-51097544.0,-547586048.0,-920572224.0
0.13234037160873413,0.8868269920349121,0.44341349601745605,54828756.0,-51118464.0,-547638272.0,-920540352.0
0.12989866733551025,0.8862165808677673,0.44341349601745605,54812984.0,-51141948.0,-547685312.0,-920512000.0
0.1268465369939804,0.8865828514099121,0.4447564482688904,54787336.0,-51160068.0,-547730048.0,-920485888.0
0.13014283776283264,0.8860945105552673,0.4519594609737396,54779972.0,-51191728.0,-547746944.0,-920474560.0
0.12831155955791473,0.889024555683136,0.44182640314102173,54818856.0,-51194232.0,-547778816.0,-920453120.0
0.1209864467382431,0.8880478739738464,0.4426809847354889,54833976.0,-51200232.0,-547801856.0,-920438144.0
0.12086436152458191,0.8863386511802673,0.4468318819999695,54831260.0,-51232232.0,-547787584.0,-920444992.0
0.12355023622512817,0.8798681497573853,0.4508607089519501,54857304.0,-51269800.0,-547785024.0,-920442944.0
0.1290440708398819,0.8832865357398987,0.45122694969177246,54896436.0,-51265896.0,-547816576.0,-920422016.0
0.12953241169452667,0.8889024257659912,0.45134904980659485,54897400.0,-51228608.0,-547875840.0,-920388736.0
0.13038700819015503,0.8845073580741882,0.4540349245071411,54851496.0,-51180392.0,-547921344.0,-920367104.0
0.13636918365955353,0.8821877837181091,0.45696496963500977,54793652.0,-51134408.0,-547954176.0,-920353536.0
0.14039799571037292,0.8824319243431091,0.45940667390823364,54757724.0,-51075952.0,-548004032.0,-920329280.0
0.14320595562458038,0.8906116485595703,0.45134904980659485,54770984.0,-50956816.0,-548110848.0,-920271424.0
0.1329507976770401,0.8943963050842285,0.4503723680973053,54719880.0,-50846652.0,-548192640.0,-920231872.0
0.13172994554042816,0.8880478739738464,0.4518373906612396,54647344.0,-50806464.0,-548178176.0,-920247040.0
0.13551458716392517,0.8798681497573853,0.4537907540798187,54606736.0,-50814944.0,-548136576.0,-920273728.0
0.13551458716392517,0.8832865357398987,0.4540349245071411,54588872.0,-50837516.0,-548158464.0,-920260544.0
0.13221828639507294,0.8865828514099121,0.45342448353767395,54583316.0,-50856336.0,-548250880.0,-920204736.0
0.1311195194721222,0.889390766620636,0.45330241322517395,54575844.0,-50891568.0,-548353600.0,-920142016.0
0.1312416046857834,0.8903674483299255,0.4506165385246277,54556920.0,-50974444.0,-548413568.0,-920102848.0
0.13343913853168488,0.8857282400131226,0.4500060975551605,54517080.0,-51102396.0,-548448256.0,-920077440.0
0.1368575245141983,0.8853619694709778,0.45318031311035156,54490920.0,-51244436.0,-548488192.0,-920047232.0
0.13551458716392517,0.884629487991333,0.45122694969177246,54471316.0,-51388556.0,-548572544.0,-919990080.0
0.13771212100982666,0.8876816034317017,0.4507386088371277,54472228.0,-51499880.0,-548680512.0,-919919424.0
0.13563667237758636,0.8873153328895569,0.45159322023391724,54486024.0,-51598896.0,-548771520.0,-919858816.0
0.1390550583600998,0.8908557891845703,0.45171529054641724,54523448.0,-51665680.0,-548840128.0,-919811904.0
0.13722378015518188,0.8929312825202942,0.45110487937927246,54543956.0,-51706048.0,-548889856.0,-919778688.0
0.13258454203605652,0.8924429416656494,0.44707605242729187,54523956.0,-51756616.0,-548896320.0,-919773184.0
0.13172994554042816,0.884873628616333,0.4502502679824829,54494980.0,-51825096.0,-548878912.0,-919781440.0
0.139177143573761,0.884995698928833,0.45318031311035156,54492276.0,-51871368.0,-548841216.0,-919801472.0
0.14003174006938934,0.8910999894142151,0.44719815254211426,54530004.0,-51845472.0,-548792384.0,-919829888.0
0.13527041673660278,0.893541693687439,0.4359663128852844,54537968.0,-51784732.0,-548760768.0,-919851648.0
0.13209620118141174,0.8871932625770569,0.4388963580131531,54492316.0,-51773152.0,-548647616.0,-919922560.0
0.13600292801856995,0.8776705861091614,0.4384080171585083,54477020.0,-51799216.0,-548503936.0,-920007616.0
0.14161884784698486,0.8718104958534241,0.44121596217155457,54516092.0,-51820124.0,-548416896.0,-920056064.0
0.14161884784698486,0.8754730820655823,0.4407276213169098,54555532.0,-51820592.0,-548451136.0,-920033216.0
0.13807837665081024,0.8840190172195435,0.4487852454185486,54568488.0,-51821616.0,-548581440.0,-919954688.0
0.13722378015518188,0.8859723806381226,0.44512268900871277,54517024.0,-51870372.0,-548680064.0,-919896192.0
0.14039799571037292,0.8920766711235046,0.4465877115726471,54495196.0,-51904868.0,-548749120.0,-919854400.0
0.13575875759124756,0.8912220597267151,0.43584421277046204,54440016.0,-51945088.0,-548768512.0,-919843840.0
0.13588084280490875,0.8915883302688599,0.4363325536251068,54374828.0,-51983184.0,-548720832.0,-919873920.0
0.1351483315229416,0.8854840397834778,0.4399951100349426,54347608.0,-52014884.0,-548665792.0,-919906624.0
0.1312416046857834,0.8831644654273987,0.44377976655960083,54352108.0,-52044596.0,-548642304.0,-919918656.0
0.12941032648086548,0.8871932625770569,0.4463435411453247,54383528.0,-52069400.0,-548672832.0,-919897216.0
0.13026492297649384,0.889146625995636,0.44768649339675903,54419040.0,-52081376.0,-548719488.0,-919866560.0
0.13234037160873413,0.8882920145988464,0.444634348154068,54457128.0,-52086176.0,-548733376.0,-919855744.0
0.13429373502731323,0.8873153328895569,0.44304725527763367,54495984.0,-52080704.0,-548735168.0,-919852736.0
0.13441582024097443,0.8841411471366882,0.44316932559013367,54535624.0,-52070544.0,-548749312.0,-919842496.0
0.13551458716392517,0.8821877837181091,0.44512268900871277,54583420.0,-52058088.0,-548796864.0,-919812032.0
0.13600292801856995,0.884629487991333,0.44585520029067993,54640268.0,-52023556.0,-548877696.0,-919762368.0
0.13563667237758636,0.8858503103256226,0.4468318819999695,54694920.0,-51966384.0,-548950976.0,-919718592.0
0.13661335408687592,0.8884140849113464,0.44976192712783813,54750064.0,-51894376.0,-549003712.0,-919687936.0
0.14210718870162964,0.8975704908370972,0.44512268900871277,54831512.0,-51779368.0,-548989696.0,-919697920.0
0.13234037160873413,0.900012195110321,0.4424368143081665,54840840.0,-51657512.0,-548960192.0,-919721792.0
0.12745696306228638,0.8900012373924255,0.44732022285461426,54759232.0,-51615844.0,-548814848.0,-919815744.0
0.1328287124633789,0.8746184706687927,0.45366865396499634,54697888.0,-51619308.0,-548652864.0,-919915840.0
0.13539250195026398,0.8726651072502136,0.4547674357891083,54683840.0,-51599272.0,-548568000.0,-919968384.0
0.13246245682239532,0.8770601749420166,0.45513367652893066,54689560.0,-51556528.0,-548595392.0,-919954112.0
0.12965449690818787,0.8832865357398987,0.4561103582382202,54697504.0,-51511896.0,-548687424.0,-919901248.0
0.12989866733551025,0.8880478739738464,0.4559882879257202,54714380.0,-51495312.0,-548770880.0,-919851392.0
0.13246245682239532,0.8896349668502808,0.45537784695625305,54744944.0,-51502072.0,-548824064.0,-919817472.0
0.13331705331802368,0.8918324708938599,0.45171529054641724,54777324.0,-51526568.0,-548842368.0,-919803264.0
0.13429373502731323,0.8902453780174255,0.4506165385246277,54799136.0,-51557184.0,-548825472.0,-919810304.0
0.1368575245141983,0.8898791074752808,0.4504944384098053,54844752.0,-51566320.0,-548793344.0,-919826240.0
0.13966548442840576,0.8913441300392151,0.4481748342514038,54906336.0,-51564932.0,-548763008.0,-919840768.0
0.13795629143714905,0.8908557891845703,0.4480527341365814,54943244.0,-51543696.0,-548716480.0,-919867520.0
0.13807837665081024,0.8881699442863464,0.44768649339675903,54964376.0,-51536756.0,-548626048.0,-919920576.0
0.13966548442840576,0.8829202651977539,0.44927358627319336,54995628.0,-51520728.0,-548548800.0,-919965632.0
0.1389329731464386,0.8791356086730957,0.4498840272426605,55038060.0,-51491504.0,-548502016.0,-919992640.0
0.13807837665081024,0.8829202651977539,0.4486631751060486,55089528.0,-51446336.0,-548491008.0,-919998656.0
0.14003174006938934,0.8869490623474121,0.4480527341365814,55169624.0,-51374336.0,-548482368.0,-920003072.0
0.1367354393005371,0.8925650119781494,0.4441460072994232,55247448.0,-51299864.0,-548465024.0,-920012864.0
0.13160786032676697,0.8970821499824524,0.44365766644477844,55293776.0,-51249608.0,-548407040.0,-920047488.0
0.13002075254917145,0.893541693687439,0.4442681074142456,55296704.0,-51248880.0,-548280320.0,-920122880.0
0.1312416046857834,0.8834086060523987,0.4467098116874695,55293132.0,-51298768.0,-548128640.0,-920210624.0
0.13380539417266846,0.8765718340873718,0.4504944384098053,55320972.0,-51350768.0,-548015680.0,-920273344.0
0.13539250195026398,0.8787693977355957,0.4501281976699829,55384588.0,-51381708.0,-547992192.0,-920281792.0
0.1327066272497177,0.8815773129463196,0.4503723680973053,55460976.0,-51407384.0,-548049216.0,-920241792.0
0.13368330895900726,0.8852398991584778,0.4498840272426605,55542036.0,-51444336.0,-548103616.0,-920202432.0
0.13368330895900726,0.8870711922645569,0.44951775670051575,55627476.0,-51492136.0,-548138944.0,-920173568.0
0.13368330895900726,0.8880478739738464,0.44561102986335754,55705956.0,-51557104.0,-548139328.0,-920164928.0
0.13429373502731323,0.8881699442863464,0.4462214708328247,55771072.0,-51621856.0,-548107136.0,-920176512.0
0.1350262463092804,0.8816994428634644,0.4481748342514038,55825308.0,-51687416.0,-548061632.0,-920196672.0
0.13527041673660278,0.8810889720916748,0.44927358627319336,55894440.0,-51731436.0,-548036032.0,-920205248.0
0.13600292801856995,0.8832865357398987,0.4481748342514038,55969048.0,-51744092.0,-548034560.0,-920200896.0
0.1329507976770401,0.8835306763648987,0.4480527341365814,56044148.0,-51750728.0,-548043200.0,-920190784.0
0.13160786032676697,0.8824319243431091,0.44951775670051575,56104272.0,-51756676.0,-548031424.0,-920193792.0
0.13197411596775055,0.8825539946556091,0.4487852454185486,56157480.0,-51768008.0,-548000256.0,-920208448.0
0.1312416046857834,0.8824319243431091,0.44732022285461426,56194416.0,-51780104.0,-547993664.0,-920209472.0
0.12953241169452667,0.8832865357398987,0.4481748342514038,56213416.0,-51796080.0,-548002688.0,-920202048.0
0.12770113348960876,0.8820656538009644,0.44951775670051575,56221728.0,-51828684.0,-547997376.0,-920202880.0
0.12806738913059235,0.8807227611541748,0.44976192712783813,56210312.0,-51870680.0,-547967488.0,-920219008.0
0.12818947434425354,0.8815773129463196,0.44951775670051575,56194784.0,-51912712.0,-547937472.0,-920235456.0
0.1287999004125595,0.8824319243431091,0.44915151596069336,56195148.0,-51930848.0,-547942720.0,-920231232.0
0.12757904827594757,0.8798681497573853,0.4503723680973053,56197956.0,-51946080.0,-547978624.0,-920208832.0
0.1312416046857834,0.8842632174491882,0.44976192712783813,56189652.0,-51953048.0,-547999936.0,-920196288.0
0.13063117861747742,0.8837748765945435,0.44963985681533813,56158336.0,-51953712.0,-548029312.0,-920180672.0
0.1308753490447998,0.8837748765945435,0.44951775670051575,56104044.0,-51961024.0,-548077184.0,-920155008.0
0.1312416046857834,0.8843852877616882,0.4485410749912262,56050136.0,-51966812.0,-548136128.0,-920122880.0
0.12977658212184906,0.8829202651977539,0.4482969045639038,55990256.0,-51972440.0,-548191680.0,-920093120.0
0.127212792634964,0.8829202651977539,0.44902941584587097,55929604.0,-52005028.0,-548236224.0,-920068416.0
0.1268465369939804,0.8826761245727539,0.4500060975551605,55880468.0,-52050300.0,-548288768.0,-920037568.0
0.12941032648086548,0.8860945105552673,0.4503723680973053,55866108.0,-52069352.0,-548313088.0,-920022848.0
0.13014283776283264,0.8889024257659912,0.4464656412601471,55834660.0,-52082384.0,-548314240.0,-920023296.0
0.13380539417266846,0.8816994428634644,0.4486631751060486,55790608.0,-52108216.0,-548286400.0,-920041088.0
0.13844463229179382,0.8785251975059509,0.44927358627319336,55746304.0,-52135472.0,-548257600.0,-920059456.0
0.14406055212020874,0.8792577385902405,0.44963985681533813,55684392.0,-52145684.0,-548265088.0,-920058112.0
0.14638017117977142,0.875961422920227,0.4502502679824829,55602112.0,-52127200.0,-548296896.0,-920045184.0
0.14772310853004456,0.8785251975059509,0.4481748342514038,55519320.0,-52080896.0,-548357824.0,-920016512.0
0.14589183032512665,0.8827981948852539,0.44585520029067993,55428120.0,-52028768.0,-548426112.0,-919984256.0
0.14528140425682068,0.8863386511802673,0.4465877115726471,55324736.0,-51980952.0,-548474496.0,-919964352.0
0.14235135912895203,0.8912220597267151,0.444512277841568,55233840.0,-51913284.0,-548480512.0,-919970048.0
0.13844463229179382,0.8923208117485046,0.4425589144229889,55135384.0,-51861640.0,-548479424.0,-919979520.0
0.13380539417266846,0.889390766620636,0.4443901777267456,55030360.0,-51839308.0,-548471424.0,-919991808.0
0.13343913853168488,0.8881699442863464,0.44548895955085754,54937732.0,-51849752.0,-548457984.0,-920004800.0
0.13331705331802368,0.8869490623474121,0.4467098116874695,54883032.0,-51869608.0,-548489344.0,-919988224.0
0.13465999066829681,0.8903674483299255,0.44768649339675903,54857216.0,-51888124.0,-548571776.0,-919939584.0
0.13624709844589233,0.8929312825202942,0.4467098116874695,54848152.0,-51894748.0,-548673088.0,-919879296.0
0.1390550583600998,0.8951287865638733,0.44756439328193665,54847016.0,-51902056.0,-548751680.0,-919832128.0
0.14137467741966248,0.8968380093574524,0.4503723680973053,54876400.0,-51888120.0,-548800896.0,-919801792.0
0.14406055212020874,0.899890124797821,0.4459773004055023,54907144.0,-51853496.0,-548799168.0,-919802944.0
0.14052008092403412,0.8932974934577942,0.4467098116874695,54910176.0,-51833744.0,-548754176.0,-919830720.0
0.13856671750545502,0.8829202651977539,0.4481748342514038,54900188.0,-51835352.0,-548653184.0,-919891456.0
0.1389329731464386,0.8765718340873718,0.44902941584587097,54897496.0,-51854452.0,-548568064.0,-919941312.0
0.13771212100982666,0.8754730820655823,0.4479306638240814,54915540.0,-51862180.0,-548543360.0,-919954496.0
0.13246245682239532,0.8763276934623718,0.44512268900871277,54935696.0,-51863044.0,-548572544.0,-919935872.0
0.1311195194721222,0.8770601749420166,0.44377976655960083,54953104.0,-51870372.0,-548635456.0,-919896896.0
0.12941032648086548,0.8807227611541748,0.4443901777267456,54982992.0,-51903560.0,-548706048.0,-919851136.0
0.12989866733551025,0.8854840397834778,0.44329142570495605,55021032.0,-51918256.0,-548783552.0,-919801792.0
0.12733487784862518,0.8896349668502808,0.43962886929512024,55032536.0,-51939748.0,-548852864.0,-919758528.0
0.1268465369939804,0.8859723806381226,0.44121596217155457,55013224.0,-51977140.0,-548911808.0,-919722368.0
0.1290440708398819,0.8836528062820435,0.44573312997817993,55002096.0,-52019696.0,-548933568.0,-919707648.0
0.13136368989944458,0.8854840397834778,0.44500061869621277,54980944.0,-52040312.0,-548948160.0,-919699072.0
0.1307532638311386,0.884995698928833,0.4465877115726471,54950628.0,-52037512.0,-548988352.0,-919676992.0
0.1289219856262207,0.884873628616333,0.4462214708328247,54913344.0,-52009096.0,-549055808.0,-919640576.0
0.12867781519889832,0.8854840397834778,0.4464656412601471,54881940.0,-51960608.0,-549122880.0,-919605184.0
0.1289219856262207,0.8876816034317017,0.44719815254211426,54849416.0,-51899116.0,-549191616.0,-919569536.0
0.13026492297649384,0.8880478739738464,0.4486631751060486,54830112.0,-51804256.0,-549268160.0,-919530304.0
0.12770113348960876,0.8918324708938599,0.44768649339675903,54813184.0,-51707656.0,-549331264.0,-919499072.0
0.12745696306228638,0.8923208117485046,0.44768649339675903,54775412.0,-51620300.0,-549362880.0,-919487296.0
0.12831155955791473,0.8885362148284912,0.44768649339675903,54720476.0,-51556664.0,-549346432.0,-919504000.0
0.13160786032676697,0.8814552426338196,0.4504944384098053,54672268.0,-51503708.0,-549325376.0,-919522432.0
0.13649126887321472,0.8810889720916748,0.4486631751060486,54646808.0,-51443764.0,-549339008.0,-919519104.0
0.13746795058250427,0.8823098540306091,0.4484190046787262,54627436.0,-51369600.0,-549380416.0,-919499648.0
0.1390550583600998,0.8819435834884644,0.44915151596069336,54597184.0,-51304056.0,-549436992.0,-919471360.0
0.1407642513513565,0.8842632174491882,0.44927358627319336,54561836.0,-51239008.0,-549476032.0,-919453760.0
0.14222927391529083,0.8857282400131226,0.4481748342514038,54513160.0,-51167240.0,-549522816.0,-919432704.0
0.14027591049671173,0.8881699442863464,0.4464656412601471,54439960.0,-51091828.0,-549563904.0,-919416640.0
0.14137467741966248,0.8889024257659912,0.44536685943603516,54373188.0,-50997032.0,-549598528.0,-919405184.0
0.13856671750545502,0.8896349668502808,0.4459773004055023,54297832.0,-50905328.0,-549633088.0,-919394048.0
0.13417164981365204,0.8912220597267151,0.4447564482688904,54220892.0,-50806740.0,-549646400.0,-919396096.0
0.1327066272497177,0.8903674483299255,0.4443901777267456,54158056.0,-50713720.0,-549652800.0,-919401088.0
0.13148577511310577,0.8889024257659912,0.444634348154068,54120384.0,-50617644.0,-549658496.0,-919405184.0
0.13258454203605652,0.8876816034317017,0.4448785185813904,54105464.0,-50513528.0,-549688192.0,-919394048.0
0.1329507976770401,0.8900012373924255,0.44316932559013367,54096860.0,-50415736.0,-549730368.0,-919374720.0
0.1331949681043625,0.8908557891845703,0.44182640314102173,54106968.0,-50318236.0,-549781632.0,-919348800.0
0.1349041610956192,0.8902453780174255,0.44109389185905457,54119480.0,-50240400.0,-549823552.0,-919327232.0
0.13636918365955353,0.8904895782470703,0.44158223271369934,54131264.0,-50167968.0,-549848128.0,-919315776.0
0.13636918365955353,0.8902453780174255,0.4407276213169098,54141140.0,-50088164.0,-549879424.0,-919300864.0
0.1351483315229416,0.889390766620636,0.44109389185905457,54150628.0,-50004560.0,-549912256.0,-919285184.0
0.13331705331802368,0.8880478739738464,0.4440239369869232,54148960.0,-49943224.0,-549953920.0,-919263680.0
0.13429373502731323,0.8840190172195435,0.4443901777267456,54150368.0,-49871332.0,-549980736.0,-919251456.0
0.1349041610956192,0.8871932625770569,0.44561102986335754,54160004.0,-49789296.0,-550022016.0,-919230656.0
0.13234037160873413,0.889268696308136,0.4462214708328247,54169840.0,-49709064.0,-550085056.0,-919196736.0
0.13014283776283264,0.8918324708938599,0.44719815254211426,54186888.0,-49648016.0,-550141376.0,-919165312.0
0.13050909340381622,0.8908557891845703,0.44744232296943665,54196880.0,-49604696.0,-550162880.0,-919154176.0
0.1312416046857834,0.8901233077049255,0.4481748342514038,54218364.0,-49574424.0,-550161472.0,-919155392.0
0.130997434258461,0.8900012373924255,0.4508607089519501,54270328.0,-49539116.0,-550153792.0,-919158784.0
0.12855572998523712,0.889024555683136,0.44915151596069336,54322440.0,-49511464.0,-550124096.0,-919174976.0
0.12965449690818787,0.8885362148284912,0.44939568638801575,54368184.0,-49509208.0,-550077440.0,-919200320.0
0.12843364477157593,0.8868269920349121,0.44902941584587097,54422296.0,-49516276.0,-550052480.0,-919211712.0
0.12989866733551025,0.8879257440567017,0.44780856370925903,54471920.0,-49533048.0,-550037440.0,-919216896.0
0.12928824126720428,0.8901233077049255,0.4482969045639038,54505832.0,-49552932.0,-550036224.0,-919214528.0
0.12989866733551025,0.8901233077049255,0.4464656412601471,54539176.0,-49581600.0,-550016960.0,-919222528.0
0.12831155955791473,0.8886582851409912,0.44585520029067993,54553648.0,-49615480.0,-550002624.0,-919228416.0
0.12794530391693115,0.889390766620636,0.4462214708328247,54541688.0,-49669540.0,-549983808.0,-919237440.0
0.1289219856262207,0.8865828514099121,0.44695398211479187,54523900.0,-49702452.0,-549984320.0,-919236416.0
0.12782321870326996,0.8880478739738464,0.44561102986335754,54489116.0,-49738160.0,-549967296.0,-919246720.0
0.1250152587890625,0.8859723806381226,0.4459773004055023,54444304.0,-49790064.0,-549970112.0,-919244864.0
0.12416066229343414,0.8856061697006226,0.4484190046787262,54402476.0,-49852560.0,-549962816.0,-919248320.0
0.12391649186611176,0.8876816034317017,0.4479306638240814,54363100.0,-49916188.0,-549958720.0,-919249664.0
0.12416066229343414,0.8871932625770569,0.44927358627319336,54326416.0,-49969600.0,-549942528.0,-919258624.0
0.12635819613933563,0.8857282400131226,0.4498840272426605,54315552.0,-49999092.0,-549939456.0,-919259520.0
0.12623611092567444,0.8869490623474121,0.44732022285461426,54310856.0,-50003608.0,-549948160.0,-919254336.0
0.1290440708398819,0.8881699442863464,0.4465877115726471,54302464.0,-49999344.0,-549918144.0,-919272960.0
0.13209620118141174,0.8858503103256226,0.4443901777267456,54306580.0,-49963912.0,-549898368.0,-919286528.0
0.13380539417266846,0.8851178288459778,0.44561102986335754,54301780.0,-49924952.0,-549870336.0,-919305664.0
0.13527041673660278,0.8853619694709778,0.44377976655960083,54288376.0,-49884904.0,-549846272.0,-919323008.0
0.13575875759124756,0.8824319243431091,0.44377976655960083,54254760.0,-49849268.0,-549807232.0,-919350336.0
0.13600292801856995,0.8851178288459778,0.44341349601745605,54226256.0,-49823760.0,-549776704.0,-919371584.0
0.13759003579616547,0.8856061697006226,0.4428030848503113,54210744.0,-49790448.0,-549776640.0,-919374400.0
0.1369796097278595,0.8896349668502808,0.44365766644477844,54192960.0,-49766952.0,-549768768.0,-919381440.0
0.1307532638311386,0.8940300345420837,0.4407276213169098,54161892.0,-49757804.0,-549740288.0,-919400768.0
0.12586985528469086,0.8907337188720703,0.4420705735683441,54113608.0,-49796900.0,-549704192.0,-919423040.0
0.12586985528469086,0.8864607214927673,0.4442681074142456,54076292.0,-49866996.0,-549674944.0,-919438976.0
0.12770113348960876,0.8853619694709778,0.444634348154068,54061032.0,-49951128.0,-549679680.0,-919432448.0
0.12855572998523712,0.8871932625770569,0.4443901777267456,54069664.0,-50030496.0,-549717888.0,-919404800.0
0.12794530391693115,0.8886582851409912,0.444512277841568,54091360.0,-50103664.0,-549791872.0,-919355264.0
0.13050909340381622,0.8941521048545837,0.44377976655960083,54129536.0,-50178408.0,-549861952.0,-919307072.0
0.12953241169452667,0.893541693687439,0.4428030848503113,54147656.0,-50259588.0,-549907648.0,-919274240.0
0.12989866733551025,0.8910999894142151,0.44353559613227844,54144280.0,-50343884.0,-549895616.0,-919276992.0
0.1312416046857834,0.8840190172195435,0.44585520029067993,54145888.0,-50420372.0,-549851200.0,-919299328.0
0.13343913853168488,0.88035649061203,0.4464656412601471,54167244.0,-50461224.0,-549829504.0,-919308800.0
0.13636918365955353,0.8792577385902405,0.44561102986335754,54203796.0,-50458868.0,-549841472.0,-919299584.0
0.13746795058250427,0.8792577385902405,0.4463435411453247,54239088.0,-50420500.0,-549876096.0,-919278912.0
0.13636918365955353,0.8815773129463196,0.444634348154068,54275860.0,-50351712.0,-549905152.0,-919263104.0
0.13600292801856995,0.884629487991333,0.44365766644477844,54314056.0,-50249976.0,-549921472.0,-919256640.0
0.13246245682239532,0.8837748765945435,0.44536685943603516,54320456.0,-50159044.0,-549936000.0,-919252544.0
0.13417164981365204,0.8812111020088196,0.4447564482688904,54309600.0,-50088468.0,-549931264.0,-919259904.0
0.13441582024097443,0.8829202651977539,0.4462214708328247,54306416.0,-50034184.0,-549921664.0,-919268800.0
0.13465999066829681,0.8862165808677673,0.44548895955085754,54330272.0,-49970392.0,-549925632.0,-919268480.0
0.13551458716392517,0.8897570371627808,0.4460993707180023,54371304.0,-49895744.0,-549929664.0,-919267648.0
0.13588084280490875,0.8887803554534912,0.44780856370925903,54438176.0,-49784872.0,-549928448.0,-919270464.0
0.13588084280490875,0.8914662599563599,0.4481748342514038,54537236.0,-49642872.0,-549916288.0,-919279552.0
0.13624709844589233,0.8978146910667419,0.4460993707180023,54632444.0,-49467568.0,-549898240.0,-919294144.0
0.13368330895900726,0.8950067162513733,0.44561102986335754,54713544.0,-49273952.0,-549869056.0,-919317184.0
0.13160786032676697,0.8941521048545837,0.4441460072994232,54810500.0,-49077024.0,-549825728.0,-919347840.0
0.13038700819015503,0.8924429416656494,0.44329142570495605,54930320.0,-48881480.0,-549755200.0,-919393280.0
0.12843364477157593,0.8918324708938599,0.44146013259887695,55053476.0,-48699740.0,-549677184.0,-919442176.0
0.12464900314807892,0.8898791074752808,0.44170430302619934,55190120.0,-48528656.0,-549626496.0,-919473344.0
0.12025393545627594,0.8885362148284912,0.44194847345352173,55332828.0,-48388544.0,-549607744.0,-919483392.0
0.12000976502895355,0.8910999894142151,0.4408497214317322,55451400.0,-48259672.0,-549576256.0,-919501824.0
0.11659137904644012,0.8902453780174255,0.444512277841568,55575216.0,-48148028.0,-549567296.0,-919505600.0
0.11866682767868042,0.8875595331192017,0.44341349601745605,55668284.0,-48071388.0,-549552064.0,-919513024.0
0.1209864467382431,0.8897570371627808,0.4428030848503113,55731960.0,-48021864.0,-549542784.0,-919517312.0
0.12220729887485504,0.8879257440567017,0.4399951100349426,55760744.0,-48005364.0,-549527168.0,-919525760.0
0.12623611092567444,0.8841411471366882,0.4459773004055023,55786040.0,-48006156.0,-549508224.0,-919535488.0
0.12452691793441772,0.8841411471366882,0.4464656412601471,55786432.0,-48043824.0,-549543872.0,-919512256.0
0.13404956459999084,0.884629487991333,0.44976192712783813,55795176.0,-48053200.0,-549575872.0,-919492032.0
0.12770113348960876,0.884751558303833,0.4482969045639038,55797896.0,-48066112.0,-549643520.0,-919450816.0
0.12928824126720428,0.8836528062820435,0.45147112011909485,55795632.0,-48083752.0,-549699392.0,-919416640.0
0.13160786032676697,0.8832865357398987,0.4524478018283844,55797492.0,-48105716.0,-549728960.0,-919397696.0
0.1307532638311386,0.8871932625770569,0.4544011652469635,55790824.0,-48136104.0,-549768896.0,-919372608.0
0.12989866733551025,0.8853619694709778,0.4547674357891083,55768760.0,-48187160.0,-549783552.0,-919362496.0
0.12928824126720428,0.8885362148284912,0.45366865396499634,55726568.0,-48246096.0,-549767808.0,-919371392.0
0.12782321870326996,0.8895128965377808,0.4507386088371277,55682032.0,-48310476.0,-549743232.0,-919385408.0
0.12794530391693115,0.8863386511802673,0.45110487937927246,55635792.0,-48384888.0,-549717632.0,-919399616.0
0.12782321870326996,0.889024555683136,0.44939568638801575,55597200.0,-48464432.0,-549712640.0,-919400704.0
0.12806738913059235,0.8881699442863464,0.4481748342514038,55571984.0,-48542324.0,-549715328.0,-919396544.0
0.12806738913059235,0.889390766620636,0.44756439328193665,55559808.0,-48613636.0,-549732224.0,-919383360.0
0.12770113348960876,0.8907337188720703,0.4465877115726471,55534920.0,-48698392.0,-549724224.0,-919385216.0
0.13002075254917145,0.889024555683136,0.44695398211479187,55516688.0,-48787716.0,-549703552.0,-919393920.0
0.13185203075408936,0.8889024257659912,0.44536685943603516,55498628.0,-48872300.0,-549692160.0,-919397312.0
0.13331705331802368,0.8908557891845703,0.44341349601745605,55459272.0,-48939848.0,-549672768.0,-919407680.0
0.1312416046857834,0.8910999894142151,0.44341349601745605,55401368.0,-48990864.0,-549639232.0,-919428544.0
0.13331705331802368,0.8885362148284912,0.44512268900871277,55338240.0,-49048552.0,-549590592.0,-919458368.0
0.13063117861747742,0.8881699442863464,0.4420705735683441,55273468.0,-49098112.0,-549537024.0,-919491584.0
0.13160786032676697,0.8865828514099121,0.44182640314102173,55211372.0,-49138648.0,-549494400.0,-919518656.0
0.1308753490447998,0.8835306763648987,0.4421926438808441,55162392.0,-49181388.0,-549475712.0,-919530432.0
0.1289219856262207,0.8830423355102539,0.4423147439956665,55127632.0,-49232564.0,-549489344.0,-919521664.0
0.1290440708398819,0.8856061697006226,0.44182640314102173,55101968.0,-49295760.0,-549510784.0,-919507008.0
0.1311195194721222,0.8851178288459778,0.44329142570495605,55087152.0,-49371548.0,-549529600.0,-919492544.0
0.13002075254917145,0.8895128965377808,0.44353559613227844,55085348.0,-49430064.0,-549544000.0,-919480896.0
0.12770113348960876,0.889390766620636,0.43975093960762024,55066308.0,-49511432.0,-549532544.0,-919484544.0
0.13014283776283264,0.8886582851409912,0.4420705735683441,55048860.0,-49613720.0,-549500992.0,-919498944.0
0.13014283776283264,0.8837748765945435,0.4429251551628113,55037448.0,-49713612.0,-549471616.0,-919511744.0
0.1312416046857834,0.8841411471366882,0.44341349601745605,55037248.0,-49810176.0,-549463936.0,-919511168.0
0.13014283776283264,0.8854840397834778,0.44341349601745605,55051000.0,-49890384.0,-549483328.0,-919494336.0
0.12831155955791473,0.8859723806381226,0.4429251551628113,55067748.0,-49951264.0,-549508352.0,-919475136.0
0.12818947434425354,0.8854840397834778,0.44304725527763367,55075288.0,-49997424.0,-549527552.0,-919460672.0
0.12867781519889832,0.8876816034317017,0.440239280462265,55087716.0,-50015480.0,-549558592.0,-919440384.0
0.1270907074213028,0.8863386511802673,0.44194847345352173,55093712.0,-50017704.0,-549584512.0,-919424448.0
0.13014283776283264,0.8827981948852539,0.4421926438808441,55109520.0,-50004444.0,-549620544.0,-919402688.0
0.1327066272497177,0.8853619694709778,0.44133806228637695,55130128.0,-49969092.0,-549663296.0,-919377792.0
0.13343913853168488,0.8869490623474121,0.4423147439956665,55155548.0,-49918464.0,-549727040.0,-919340928.0
0.13429373502731323,0.8901233077049255,0.4406055510044098,55181596.0,-49851488.0,-549815616.0,-919289984.0
0.13417164981365204,0.8919546008110046,0.44170430302619934,55201304.0,-49794636.0,-549894016.0,-919245056.0
0.13465999066829681,0.8942741751670837,0.4398730397224426,55215176.0,-49735792.0,-549940224.0,-919219712.0
0.130997434258461,0.8902453780174255,0.44121596217155457,55225256.0,-49691848.0,-549976192.0,-919199936.0
0.13148577511310577,0.8887803554534912,0.4442681074142456,55246888.0,-49667280.0,-550002496.0,-919184256.0
0.13527041673660278,0.8876816034317017,0.444634348154068,55298560.0,-49634420.0,-550053504.0,-919152448.0
0.13539250195026398,0.8880478739738464,0.4480527341365814,55371808.0,-49586916.0,-550136256.0,-919101056.0
0.13612501323223114,0.8912220597267151,0.4501281976699829,55478656.0,-49513616.0,-550229952.0,-919042432.0
0.13380539417266846,0.8940300345420837,0.4486631751060486,55578296.0,-49446080.0,-550291200.0,-919003392.0
0.1349041610956192,0.8948846459388733,0.4485410749912262,55665480.0,-49400644.0,-550290112.0,-919001216.0
0.13380539417266846,0.8895128965377808,0.4498840272426605,55748124.0,-49378804.0,-550237952.0,-919028608.0
0.13551458716392517,0.8859723806381226,0.44890734553337097,55838780.0,-49359536.0,-550188224.0,-919053952.0
0.13234037160873413,0.8851178288459778,0.4485410749912262,55941312.0,-49334716.0,-550163904.0,-919063552.0
0.12941032648086548,0.8868269920349121,0.44768649339675903,56044328.0,-49315040.0,-550162304.0,-919059264.0
0.13050909340381622,0.8876816034317017,0.4487852454185486,56139764.0,-49300384.0,-550164224.0,-919053120.0
0.12818947434425354,0.8886582851409912,0.4479306638240814,56218588.0,-49303744.0,-550151616.0,-919055680.0
0.1291661560535431,0.8871932625770569,0.44768649339675903,56281852.0,-49326680.0,-550136832.0,-919059456.0
0.12941032648086548,0.8860945105552673,0.4481748342514038,56325768.0,-49365848.0,-550124224.0,-919062144.0
0.1307532638311386,0.8870711922645569,0.4460993707180023,56357608.0,-49416060.0,-550108160.0,-919067136.0
0.13002075254917145,0.8858503103256226,0.44695398211479187,56370008.0,-49464868.0,-550103872.0,-919066304.0
0.13038700819015503,0.8875595331192017,0.4481748342514038,56370672.0,-49528880.0,-550088640.0,-919071936.0
0.13209620118141174,0.8901233077049255,0.44756439328193665,56369412.0,-49593452.0,-550057728.0,-919087040.0
0.13026492297649384,0.8881699442863464,0.4459773004055023,56351052.0,-49655768.0,-550018432.0,-919108288.0
0.13148577511310577,0.8864607214927673,0.4459773004055023,56337304.0,-49728564.0,-549976512.0,-919130304.0
0.13197411596775055,0.8834086060523987,0.44695398211479187,56331064.0,-49813276.0,-549954688.0,-919139136.0
0.13209620118141174,0.8834086060523987,0.4459773004055023,56338420.0,-49894336.0,-549950208.0,-919137024.0
0.13356122374534607,0.8857282400131226,0.44500061869621277,56355664.0,-49965280.0,-549962752.0,-919124608.0
0.1330728828907013,0.8871932625770569,0.44561102986335754,56364828.0,-50024692.0,-549967744.0,-919117824.0
0.13246245682239532,0.889024555683136,0.44524478912353516,56363304.0,-50067100.0,-549955392.0,-919123008.0
0.13246245682239532,0.8860945105552673,0.44390183687210083,56339532.0,-50118764.0,-549912192.0,-919147456.0
0.13246245682239532,0.8837748765945435,0.44512268900871277,56305884.0,-50173496.0,-549868672.0,-919172608.0
0.13246245682239532,0.8820656538009644,0.44377976655960083,56293712.0,-50214932.0,-549851776.0,-919181184.0
0.13404956459999084,0.8829202651977539,0.43950676918029785,56308740.0,-50236484.0,-549850368.0,-919179904.0
0.13148577511310577,0.8885362148284912,0.4398730397224426,56320312.0,-50257312.0,-549865344.0,-919169088.0
0.13038700819015503,0.8900012373924255,0.44121596217155457,56302396.0,-50293252.0,-549894528.0,-919150784.0
0.1287999004125595,0.8901233077049255,0.4409717917442322,56268136.0,-50334000.0,-549922496.0,-919133888.0
0.13002075254917145,0.8928091526031494,0.4425589144229889,56209908.0,-50392744.0,-549929024.0,-919130368.0
0.13234037160873413,0.8903674483299255,0.4425589144229889,56152812.0,-50449700.0,-549927040.0,-919131904.0
0.13404956459999084,0.8851178288459778,0.44341349601745605,56108344.0,-50494512.0,-549931968.0,-919129216.0
0.1350262463092804,0.8836528062820435,0.4464656412601471,56081604.0,-50533408.0,-549938944.0,-919124544.0
0.13624709844589233,0.8845073580741882,0.44768649339675903,56073280.0,-50559884.0,-549953344.0,-919114944.0
0.13783420622348785,0.8859723806381226,0.44707605242729187,56080772.0,-50569012.0,-549977984.0,-919099264.0
0.13600292801856995,0.889390766620636,0.4447564482688904,56094616.0,-50555664.0,-550003136.0,-919084096.0
0.13380539417266846,0.8913441300392151,0.444512277841568,56093524.0,-50563972.0,-550002944.0,-919083840.0
0.13234037160873413,0.8903674483299255,0.44500061869621277,56069336.0,-50603492.0,-549958464.0,-919109760.0
0.1329507976770401,0.8870711922645569,0.4467098116874695,56044420.0,-50650976.0,-549899200.0,-919144128.0
0.13234037160873413,0.8860945105552673,0.44561102986335754,56038208.0,-50675616.0,-549854528.0,-919169856.0
0.13014283776283264,0.8859723806381226,0.4460993707180023,56044892.0,-50689656.0,-549844736.0,-919174528.0
0.13246245682239532,0.8887803554534912,0.4462214708328247,56050960.0,-50692492.0,-549849984.0,-919170816.0
0.13258454203605652,0.8881699442863464,0.4468318819999695,56039456.0,-50705808.0,-549857728.0,-919166208.0
0.1328287124633789,0.8884140849113464,0.4464656412601471,56012800.0,-50732012.0,-549868672.0,-919159808.0
0.1331949681043625,0.889390766620636,0.444512277841568,55978816.0,-50765624.0,-549883648.0,-919151040.0
0.13429373502731323,0.8879257440567017,0.44512268900871277,55942212.0,-50814992.0,-549897728.0,-919142144.0
0.1312416046857834,0.8854840397834778,0.44768649339675903,55902408.0,-50893672.0,-549893760.0,-919142592.0
0.1350262463092804,0.8856061697006226,0.4464656412601471,55894600.0,-50974648.0,-549883136.0,-919144960.0
0.1330728828907013,0.8867049217224121,0.4485410749912262,55897304.0,-51044400.0,-549889920.0,-919136832.0
0.13343913853168488,0.8863386511802673,0.4486631751060486,55901112.0,-51115068.0,-549894144.0,-919130176.0
0.13221828639507294,0.8843852877616882,0.44963985681533813,55898744.0,-51202492.0,-549882048.0,-919132672.0
0.1307532638311386,0.8851178288459778,0.4467098116874695,55892872.0,-51290124.0,-549865920.0,-919137792.0
0.12733487784862518,0.8831644654273987,0.444634348154068,55874812.0,-51390400.0,-549824064.0,-919158336.0
0.1290440708398819,0.8799902200698853,0.4443901777267456,55854068.0,-51489112.0,-549776064.0,-919182784.0
0.13014283776283264,0.8795018792152405,0.4426809847354889,55837324.0,-51569980.0,-549746304.0,-919197056.0
0.1307532638311386,0.8792577385902405,0.44304725527763367,55823408.0,-51636576.0,-549748480.0,-919192896.0
0.13038700819015503,0.8854840397834778,0.44353559613227844,55811692.0,-51676472.0,-549770880.0,-919177920.0
0.12989866733551025,0.889024555683136,0.44121596217155457,55790360.0,-51683000.0,-549808000.0,-919156672.0
0.1290440708398819,0.8907337188720703,0.44109389185905457,55736152.0,-51688852.0,-549802432.0,-919162944.0
0.13185203075408936,0.8909779191017151,0.4425589144229889,55669360.0,-51686200.0,-549768512.0,-919187456.0
0.13331705331802368,0.8900012373924255,0.4442681074142456,55595948.0,-51663428.0,-549752768.0,-919202560.0
0.13551458716392517,0.8859723806381226,0.44133806228637695,55527812.0,-51630848.0,-549749824.0,-919210304.0
0.13136368989944458,0.8885362148284912,0.4448785185813904,55467112.0,-51592688.0,-549767488.0,-919205504.0
0.13160786032676697,0.8884140849113464,0.44377976655960083,55406404.0,-51558780.0,-549784256.0,-919201088.0
0.1289219856262207,0.8878036737442017,0.4440239369869232,55354392.0,-51542624.0,-549814272.0,-919187136.0
0.1307532638311386,0.8917104005813599,0.4423147439956665,55323116.0,-51542580.0,-549854912.0,-919164736.0
0.13050909340381622,0.8918324708938599,0.44146013259887695,55281228.0,-51575892.0,-549880320.0,-919150208.0
0.13209620118141174,0.8917104005813599,0.44732022285461426,55223168.0,-51654628.0,-549908288.0,-919132544.0
0.1350262463092804,0.8842632174491882,0.4426809847354889,55114656.0,-51768600.0,-549880384.0,-919149312.0
0.13527041673660278,0.88060063123703,0.4428030848503113,55032904.0,-51869684.0,-549899840.0,-919136896.0
0.139177143573761,0.88035649061203,0.4429251551628113,54970660.0,-51976092.0,-549985792.0,-919083136.0
0.1406421661376953,0.8880478739738464,0.4429251551628113,54928040.0,-52070168.0,-550110080.0,-919006016.0
0.1388108879327774,0.8946404457092285,0.4420705735683441,54843432.0,-52177900.0,-550210624.0,-918944704.0
0.13759003579616547,0.8954950571060181,0.44170430302619934,54727552.0,-52306576.0,-550251392.0,-918919936.0
0.14003174006938934,0.8910999894142151,0.444634348154068,54612288.0,-52443436.0,-550246080.0,-918922176.0
0.14222927391529083,0.8878036737442017,0.44695398211479187,54508044.0,-52578988.0,-550230784.0,-918929792.0
0.14381638169288635,0.8858503103256226,0.44915151596069336,54419500.0,-52693560.0,-550262592.0,-918909376.0
0.14039799571037292,0.8881699442863464,0.44939568638801575,54345672.0,-52801584.0,-550326528.0,-918869312.0
0.1386888027191162,0.8941521048545837,0.44963985681533813,54293488.0,-52906024.0,-550411072.0,-918815744.0
0.13759003579616547,0.8976925611495972,0.44902941584587097,54257388.0,-53021272.0,-550471680.0,-918774912.0
0.13734586536884308,0.9011109471321106,0.4500060975551605,54225208.0,-53149544.0,-550486144.0,-918760704.0
0.1351483315229416,0.8986692428588867,0.4508607089519501,54179400.0,-53307484.0,-550457856.0,-918771200.0
0.1367354393005371,0.8945183753967285,0.4498840272426605,54136584.0,-53483484.0,-550405952.0,-918794624.0
0.13722378015518188,0.8903674483299255,0.44890734553337097,54111840.0,-53658184.0,-550353216.0,-918817472.0
0.1369796097278595,0.8867049217224121,0.44951775670051575,54087520.0,-53845104.0,-550298560.0,-918840704.0
0.13820046186447144,0.8820656538009644,0.44927358627319336,54088268.0,-54034712.0,-550239744.0,-918864768.0
0.1407642513513565,0.8807227611541748,0.4487852454185486,54110520.0,-54218976.0,-550204480.0,-918873664.0
0.14381638169288635,0.8837748765945435,0.44695398211479187,54138468.0,-54389036.0,-550196928.0,-918866496.0
0.14210718870162964,0.8858503103256226,0.44561102986335754,54152452.0,-54541936.0,-550186304.0,-918862976.0
0.14039799571037292,0.8875595331192017,0.4443901777267456,54164288.0,-54676352.0,-550157312.0,-918871680.0
0.1390550583600998,0.8871932625770569,0.44182640314102173,54160848.0,-54811168.0,-550084672.0,-918907328.0
0.1368575245141983,0.8829202651977539,0.44146013259887695,54156464.0,-54940088.0,-549990144.0,-918956480.0
0.1351483315229416,0.8815773129463196,0.44158223271369934,54171536.0,-55047928.0,-549893824.0,-919006784.0
0.13417164981365204,0.8813331723213196,0.44109389185905457,54200068.0,-55137564.0,-549814912.0,-919046976.0
0.13148577511310577,0.8814552426338196,0.4403613805770874,54235268.0,-55215968.0,-549763776.0,-919070784.0
0.13026492297649384,0.8801122903823853,0.4381638467311859,54262428.0,-55299416.0,-549719552.0,-919090560.0
0.1291661560535431,0.8807227611541748,0.4384080171585083,54274060.0,-55385036.0,-549673536.0,-919112256.0
0.13026492297649384,0.8791356086730957,0.4380417466163635,54283288.0,-55464920.0,-549649536.0,-919121216.0
0.130997434258461,0.88047856092453,0.4364546537399292,54293724.0,-55533496.0,-549650560.0,-919115904.0
0.13404956459999084,0.8827981948852539,0.4349896311759949,54300140.0,-55590584.0,-549675584.0,-919097088.0
0.13246245682239532,0.8867049217224121,0.4351117014884949,54277480.0,-55641360.0,-549711360.0,-919073920.0
0.13380539417266846,0.8868269920349121,0.4341350197792053,54216752.0,-55694896.0,-549739840.0,-919057216.0
0.13429373502731323,0.8857282400131226,0.4359663128852844,54126396.0,-55748184.0,-549774144.0,-919038848.0
0.13575875759124756,0.8843852877616882,0.4380417466163635,54018372.0,-55779808.0,-549799104.0,-919028352.0
0.13600292801856995,0.8852398991584778,0.4385300874710083,53904924.0,-55786980.0,-549835968.0,-919012480.0
0.13661335408687592,0.8851178288459778,0.4408497214317322,53790712.0,-55774176.0,-549870912.0,-918999040.0
0.13820046186447144,0.8860945105552673,0.4420705735683441,53672556.0,-55744348.0,-549908736.0,-918985152.0
0.14125259220600128,0.8841411471366882,0.44365766644477844,53561936.0,-55692128.0,-549933696.0,-918979840.0
0.14320595562458038,0.8852398991584778,0.4443901777267456,53467164.0,-55625712.0,-549970496.0,-918967360.0
0.142961785197258,0.889390766620636,0.4423147439956665,53379120.0,-55536908.0,-550037888.0,-918937536.0
0.1427176147699356,0.8918324708938599,0.44341349601745605,53286912.0,-55455660.0,-550093056.0,-918914752.0
0.14125259220600128,0.8903674483299255,0.44377976655960083,53191564.0,-55399356.0,-550102912.0,-918917760.0
0.1408863365650177,0.8880478739738464,0.44341349601745605,53116360.0,-55358972.0,-550104896.0,-918923328.0
0.14052008092403412,0.8873153328895569,0.44341349601745605,53051868.0,-55335104.0,-550119552.0,-918919744.0
0.14015382528305054,0.8873153328895569,0.44341349601745605,53005236.0,-55317440.0,-550154624.0,-918902528.0
0.14198510348796844,0.8898791074752808,0.4423147439956665,52972576.0,-55298784.0,-550187968.0,-918885568.0
0.14222927391529083,0.8895128965377808,0.4424368143081665,52929192.0,-55306972.0,-550205632.0,-918876992.0
0.14454889297485352,0.8868269920349121,0.4426809847354889,52887032.0,-55329712.0,-550229952.0,-918863488.0
0.14540348947048187,0.8859723806381226,0.44146013259887695,52855148.0,-55343064.0,-550270720.0,-918840128.0
0.14601391553878784,0.8876816034317017,0.44109389185905457,52835160.0,-55349700.0,-550329344.0,-918805760.0
0.14564765989780426,0.8907337188720703,0.44146013259887695,52833760.0,-55336536.0,-550404032.0,-918761856.0
0.14320595562458038,0.8924429416656494,0.4407276213169098,52826984.0,-55330920.0,-550473472.0,-918721024.0
0.14161884784698486,0.8924429416656494,0.4423147439956665,52808220.0,-55331148.0,-550514048.0,-918697728.0
0.14052008092403412,0.8930533528327942,0.44194847345352173,52787452.0,-55344156.0,-550534080.0,-918686144.0
0.1371016949415207,0.8902453780174255,0.4424368143081665,52773860.0,-55370696.0,-550545088.0,-918678720.0
0.1388108879327774,0.8886582851409912,0.4423147439956665,52774656.0,-55403492.0,-550548352.0,-918674752.0
0.13856671750545502,0.889146625995636,0.4440239369869232,52790520.0,-55441144.0,-550559360.0,-918664960.0
0.13783420622348785,0.8856061697006226,0.44512268900871277,52811224.0,-55481480.0,-550570752.0,-918654528.0
0.13942131400108337,0.8852398991584778,0.4447564482688904,52857112.0,-55513700.0,-550596416.0,-918634560.0
0.14161884784698486,0.8868269920349121,0.4440239369869232,52914976.0,-55527480.0,-550638080.0,-918605440.0
0.14015382528305054,0.8873153328895569,0.44524478912353516,52957264.0,-55529988.0,-550681024.0,-918577088.0
0.1407642513513565,0.8863386511802673,0.44341349601745605,52977640.0,-55532436.0,-550697792.0,-918565696.0
0.13954339921474457,0.884751558303833,0.4441460072994232,52977440.0,-55535888.0,-550695040.0,-918567168.0
0.13942131400108337,0.8808448314666748,0.4443901777267456,52960144.0,-55528376.0,-550683264.0,-918575680.0
0.1390550583600998,0.88023442029953,0.44365766644477844,52951048.0,-55503536.0,-550682688.0,-918578048.0
0.13966548442840576,0.8812111020088196,0.44304725527763367,52953340.0,-55453000.0,-550708800.0,-918565312.0
0.13990965485572815,0.8835306763648987,0.44341349601745605,52944280.0,-55390396.0,-550739840.0,-918551040.0
0.14039799571037292,0.884751558303833,0.44304725527763367,52929744.0,-55312592.0,-550760768.0,-918544000.0
0.14174093306064606,0.8898791074752808,0.4440239369869232,52908000.0,-55220348.0,-550796288.0,-918529472.0
0.14027591049671173,0.8903674483299255,0.44377976655960083,52873096.0,-55128556.0,-550819712.0,-918523008.0
0.14210718870162964,0.8946404457092285,0.44121596217155457,52838936.0,-55037772.0,-550849920.0,-918512256.0
0.13942131400108337,0.8954950571060181,0.4403613805770874,52796212.0,-54973252.0,-550871872.0,-918505408.0
0.13771212100982666,0.8959833979606628,0.44109389185905457,52751104.0,-54939900.0,-550881728.0,-918504064.0
0.13759003579616547,0.8945183753967285,0.44158223271369934,52718888.0,-54934504.0,-550874048.0,-918510848.0
0.13539250195026398,0.8946404457092285,0.4426809847354889,52707900.0,-54955400.0,-550870912.0,-918512128.0
0.13429373502731323,0.8963496685028076,0.4426809847354889,52709664.0,-54987928.0,-550894464.0,-918495936.0
0.13172994554042816,0.8959833979606628,0.44316932559013367,52728172.0,-55035088.0,-550924800.0,-918473856.0
0.1312416046857834,0.8973263502120972,0.4424368143081665,52756340.0,-55102852.0,-550934592.0,-918462336.0
0.12965449690818787,0.893785834312439,0.4441460072994232,52778468.0,-55194980.0,-550911488.0,-918469376.0
0.1312416046857834,0.8904895782470703,0.4440239369869232,52808936.0,-55293048.0,-550888832.0,-918475328.0
0.13185203075408936,0.8869490623474121,0.44341349601745605,52858664.0,-55385592.0,-550874624.0,-918475392.0
0.13063117861747742,0.8841411471366882,0.4420705735683441,52917984.0,-55471944.0,-550868416.0,-918470464.0
